_id,normalizedTimestamp,normalizedX,normalizedY,rollNo,timestamp,x,y,fixation
6589a1e025073fa4a32ff96f,1333,0.268740028,0.47846014,CB.EN.U4CSE20447,1.70352E+12,375.1610787,375.5912102,1
6589a1e025073fa4a32ff976,1976,0.064969707,0.237395393,CB.EN.U4CSE20447,1.70352E+12,90.69771128,186.3553837,1
6589a1e025073fa4a32ff96b,990,0.587127626,0.585022417,CB.EN.U4CSE20447,1.70352E+12,819.6301661,459.2425976,1
6589a1e025073fa4a32ff97d,2795,-0.024282891,0.04834512,CB.EN.U4CSE20447,1.70352E+12,-33.89891576,37.95091895,1
6589a1e025073fa4a32ff969,453,0.554456796,0.536530503,CB.EN.U4CSE20447,1.70352E+12,774.0216866,421.1764451,1
6589a1e025073fa4a32ff96d,1153,0.39649431,0.529270002,CB.EN.U4CSE20447,1.70352E+12,553.5060571,415.4769518,1
6589a1e025073fa4a32ff974,1769,0.108689032,0.299718853,CB.EN.U4CSE20447,1.70352E+12,151.7298883,235.2792992,1
6589a1e025073fa4a32ff99d,6765,0.090397634,0.328760274,CB.EN.U4CSE20447,1.70352E+12,126.1950973,258.0768149,1
6589a1e025073fa4a32ff990,5264,0.025316,0.236868493,CB.EN.U4CSE20447,1.70352E+12,35.34113563,185.9417671,1
6589a1e025073fa4a32ff997,5938,0.024893389,0.245838329,CB.EN.U4CSE20447,1.70352E+12,34.7511717,192.9830886,1
6589a1e025073fa4a32ff98d,5000,0.063454623,0.182170473,CB.EN.U4CSE20447,1.70352E+12,88.58265385,143.0038215,1
6589a1e025073fa4a32ff996,5824,0.025807162,0.22954427,CB.EN.U4CSE20447,1.70352E+12,36.02679792,180.1922518,1
6589a1e025073fa4a32ff9bc,10550,0.093851205,0.291406854,CB.EN.U4CSE20447,1.70352E+12,131.0162824,228.7543805,1
6589a1e025073fa4a32ff9ea,16722,0.204099927,0.183613599,CB.EN.U4CSE20447,1.70352E+12,284.9234988,144.1366753,1
6589a1e025073fa4a32ff9fc,19408,0.270058193,0.493568655,CB.EN.U4CSE20447,1.70352E+12,377.0012377,387.451394,1
6589a1e025073fa4a32ff9d2,13749,0.46921081,0.236097039,CB.EN.U4CSE20447,1.70352E+12,655.0182901,185.3361753,1
6589a1e025073fa4a32ff9d8,14855,0.289164078,0.275462502,CB.EN.U4CSE20447,1.70352E+12,403.6730523,216.2380639,1
6589a1e025073fa4a32ffa10,22178,0.238185086,0.406842456,CB.EN.U4CSE20447,1.70352E+12,332.5063802,319.3713277,1
6589a1e025073fa4a32ffa1e,24630,0.43250417,0.274199903,CB.EN.U4CSE20447,1.70352E+12,603.7758217,215.2469239,1
6589a1e025073fa4a32ffa27,26001,0.416606642,0.203802373,CB.EN.U4CSE20447,1.70352E+12,581.5828724,159.9848627,1
6589a1e025073fa4a32ffa31,26912,0.346405239,0.322777139,CB.EN.U4CSE20447,1.70352E+12,483.5817133,253.3800542,1
6589a1e025073fa4a32ffa4b,30920,0.274116013,0.100065951,CB.EN.U4CSE20447,1.70352E+12,382.6659538,78.5517717,1
6589a1e025073fa4a32ffa65,34967,0.258703612,0.292301546,CB.EN.U4CSE20447,1.70352E+12,361.1502424,229.4567135,1
6589a1e025073fa4a32ffaaa,42699,0.633843926,0.486226795,CB.EN.U4CSE20447,1.70352E+12,884.8461201,381.6880338,1
6589a1e025073fa4a32ffac4,45565,0.55587464,0.533096572,CB.EN.U4CSE20447,1.70352E+12,776.0009975,418.480809,1
6589a1e025073fa4a32ffaca,46282,0.650290487,0.547742697,CB.EN.U4CSE20447,1.70352E+12,907.8055193,429.9780172,1
6589a1e025073fa4a32ffb1c,56218,0.069751737,0.274969482,CB.EN.U4CSE20447,1.70352E+12,97.37342512,215.8510434,1
6589a1e025073fa4a32ffb2c,59026,0.405803036,0.178672707,CB.EN.U4CSE20447,1.70352E+12,566.5010386,140.2580751,1
6589a1e025073fa4a32ffb2f,59297,0.393361179,0.191122211,CB.EN.U4CSE20447,1.70352E+12,549.1322064,150.030936,1
6589a1e025073fa4a32ffb36,60318,0.310529902,0.211682404,CB.EN.U4CSE20447,1.70352E+12,433.4997436,166.1706872,1
6589a1e025073fa4a32ffb3d,61276,0.290866758,0.234919227,CB.EN.U4CSE20447,1.70352E+12,406.0499936,184.4115934,1
6589a1e025073fa4a32ffb3e,61374,0.282927139,0.250607422,CB.EN.U4CSE20447,1.70352E+12,394.9662864,196.7268262,1
6589a1e025073fa4a32ffb55,64320,0.21318856,0.221101087,CB.EN.U4CSE20447,1.70352E+12,297.6112302,173.5643537,1
6589a1e025073fa4a32ffb59,65227,0.315770294,0.255953841,CB.EN.U4CSE20447,1.70352E+12,440.8153301,200.9237655,1
6589a1e025073fa4a32ffb61,66959,0.211011714,0.187399394,CB.EN.U4CSE20447,1.70352E+12,294.5723528,147.1085241,1
6589a1e025073fa4a32ffb79,69840,0.240599707,0.626867839,CB.EN.U4CSE20447,1.70352E+12,335.877191,492.0912537,1
6589a1e025073fa4a32ffb8d,71889,0.473193039,0.654790353,CB.EN.U4CSE20447,1.70352E+12,660.5774823,514.0104271,1
6589a1e025073fa4a32ffbb4,76535,0.598757911,0.1560758,CB.EN.U4CSE20447,1.70352E+12,835.8660434,122.5195031,1
6589a1e025073fa4a32ff992,5437,0.044073782,0.251290828,CB.EN.U4CSE20447,1.70352E+12,61.52700037,197.2633001,1
6589a1e025073fa4a32ff9a5,7802,0.093589432,0.234923787,CB.EN.U4CSE20447,1.70352E+12,130.6508471,184.4151724,1
6589a1e025073fa4a32ff9aa,8287,0.08309396,0.266601957,CB.EN.U4CSE20447,1.70352E+12,115.9991682,209.282536,1
6589a1e025073fa4a32ff9b9,10001,0.059868459,0.3299421,CB.EN.U4CSE20447,1.70352E+12,83.57636821,259.0045488,1
6589a1e025073fa4a32ff9ca,12880,0.461416078,0.218727964,CB.EN.U4CSE20447,1.70352E+12,644.1368449,171.7014516,1
6589a1e025073fa4a32ff9e2,15947,0.242584544,0.202899155,CB.EN.U4CSE20447,1.70352E+12,338.6480237,159.2758365,1
6589a1e025073fa4a32ff9df,15469,0.222732229,0.226575373,CB.EN.U4CSE20447,1.70352E+12,310.9341917,177.8616681,1
6589a1e025073fa4a32ff9d6,14681,0.33058577,0.251596268,CB.EN.U4CSE20447,1.70352E+12,461.4977346,197.5030702,1
6589a1e025073fa4a32ffa1f,24882,0.415710154,0.255559551,CB.EN.U4CSE20447,1.70352E+12,580.3313745,200.6142475,1
6589a1e025073fa4a32ffa19,24087,0.338795489,0.287390693,CB.EN.U4CSE20447,1.70352E+12,472.9585032,225.6016943,1
6589a1e025073fa4a32ffa34,27557,0.361508766,0.405003803,CB.EN.U4CSE20447,1.70352E+12,504.6662375,317.9279851,1
6589a1e025073fa4a32ffa2f,26692,0.371738685,0.262191896,CB.EN.U4CSE20447,1.70352E+12,518.9472047,205.8206382,1
6589a1e025073fa4a32ffa40,29036,0.264644998,0.224567825,CB.EN.U4CSE20447,1.70352E+12,369.4444178,176.2857428,1
6589a1e025073fa4a32ffa49,30253,0.30090108,0.1156288,CB.EN.U4CSE20447,1.70352E+12,420.0579072,90.768608,1
6589a1e025073fa4a32ffa74,36582,0.756288396,0.079555358,CB.EN.U4CSE20447,1.70352E+12,1055.7786,62.45095596,1
6589a1e025073fa4a32ffa7d,37731,0.263693678,0.5263617,CB.EN.U4CSE20447,1.70352E+12,368.1163744,413.1939342,1
6589a1e025073fa4a32ffa83,38281,0.276499885,0.590339862,CB.EN.U4CSE20447,1.70352E+12,385.9938401,463.4167914,1
6589a1e025073fa4a32ffa84,38376,0.28335685,0.578603015,CB.EN.U4CSE20447,1.70352E+12,395.5661622,454.2033664,1
6589a1e025073fa4a32ffa71,36328,0.777769285,0.124290855,CB.EN.U4CSE20447,1.70352E+12,1085.765923,97.56832141,1
6589a1e025073fa4a32ffa5e,33597,0.333375497,0.171274875,CB.EN.U4CSE20447,1.70352E+12,465.3921932,134.4507769,1
6589a1e025073fa4a32ffa6a,35425,0.322575649,0.250293264,CB.EN.U4CSE20447,1.70352E+12,450.3156063,196.4802121,1
6589a1e025073fa4a32ffa6c,35589,0.450654038,0.237217003,CB.EN.U4CSE20447,1.70352E+12,629.1130369,186.2153471,1
6589a1e025073fa4a32ffab4,43937,0.384589353,0.690953078,CB.EN.U4CSE20447,1.70352E+12,536.8867367,542.3981664,1
6589a1e025073fa4a32ffabd,44705,0.155231927,0.674198616,CB.EN.U4CSE20447,1.70352E+12,216.7037704,529.2459138,1
6589a1e025073fa4a32ffab9,44372,0.21950387,0.687601402,CB.EN.U4CSE20447,1.70352E+12,306.4274023,539.7671007,1
6589a1e025073fa4a32ffaf9,51622,0.288446663,0.290465829,CB.EN.U4CSE20447,1.70352E+12,402.6715415,228.0156755,1
6589a1e025073fa4a32ffaf6,51053,0.326454062,0.36246585,CB.EN.U4CSE20447,1.70352E+12,455.7298699,284.5356926,1
6589a1e025073fa4a32ffb03,53401,0.24565712,0.189431339,CB.EN.U4CSE20447,1.70352E+12,342.93734,148.7036008,1
6589a1e025073fa4a32ffae9,49647,0.562561494,0.500053342,CB.EN.U4CSE20447,1.70352E+12,785.3358461,392.5418738,1
6589a1e025073fa4a32ffae4,49195,0.416009277,0.547964069,CB.EN.U4CSE20447,1.70352E+12,580.7489514,430.1517941,1
6589a1e025073fa4a32ffad3,47090,0.218204315,0.021430322,CB.EN.U4CSE20447,1.70352E+12,304.6132244,16.82280305,1
6589a1e025073fa4a32ffafe,52099,0.374867187,0.33002416,CB.EN.U4CSE20447,1.70352E+12,523.3145934,259.0689658,1
6589a1e025073fa4a32ffae1,48644,0.377341299,0.591512773,CB.EN.U4CSE20447,1.70352E+12,526.7684536,464.3375267,1
6589a1e025073fa4a32ffb18,55498,0.073540033,0.370105119,CB.EN.U4CSE20447,1.70352E+12,102.6618864,290.5325181,1
6589a1e025073fa4a32ffb19,55896,0.060159297,0.373683078,CB.EN.U4CSE20447,1.70352E+12,83.98237803,293.3412164,1
6589a1e025073fa4a32ffb26,57979,0.329659008,0.272724897,CB.EN.U4CSE20447,1.70352E+12,460.2039754,214.0890438,1
6589a1e025073fa4a32ffb2a,58830,0.427141186,0.16764315,CB.EN.U4CSE20447,1.70352E+12,596.2890961,131.5998731,1
6589a1e025073fa4a32ffb42,61765,0.272127494,0.432114241,CB.EN.U4CSE20447,1.70352E+12,379.8899812,339.2096792,1
6589a1e025073fa4a32ffb46,62146,0.233038954,0.456668015,CB.EN.U4CSE20447,1.70352E+12,325.32238,358.4843915,1
6589a1e025073fa4a32ffb54,64208,0.185545812,0.22245801,CB.EN.U4CSE20447,1.70352E+12,259.0219535,174.6295376,1
6589a1e025073fa4a32ffb7d,70198,0.189739642,0.473014484,CB.EN.U4CSE20447,1.70352E+12,264.8765406,371.3163696,1
6589a1e025073fa4a32ffb6d,68450,0.311747423,0.368067517,CB.EN.U4CSE20447,1.70352E+12,435.1994027,288.9330008,1
6589a1e025073fa4a32ffb56,64688,0.262137117,0.225081493,CB.EN.U4CSE20447,1.70352E+12,365.943416,176.6889719,1
6589a1e025073fa4a32ffb6f,68671,0.329625193,0.541692031,CB.EN.U4CSE20447,1.70352E+12,460.1567701,425.2282443,1
6589a1e025073fa4a32ffb8e,72229,0.502204649,0.607881436,CB.EN.U4CSE20447,1.70352E+12,701.07769,477.1869276,1
6589a1e025073fa4a32ffb91,72533,0.562488416,0.500059163,CB.EN.U4CSE20447,1.70352E+12,785.2338285,392.5464433,1
6589a1e025073fa4a32ffb9b,73733,0.357492374,0.119184594,CB.EN.U4CSE20447,1.70352E+12,499.0593541,93.55990611,1
6589a1e025073fa4a32ffba6,75056,0.254516579,0.431818352,CB.EN.U4CSE20447,1.70352E+12,355.3051445,338.9774061,1
6589a1e025073fa4a32ffbbe,77784,0.748630713,0.069636749,CB.EN.U4CSE20447,1.70352E+12,1045.088476,54.66484802,1
6589a1e025073fa4a32ffbc7,78811,0.145514341,0.267601837,CB.EN.U4CSE20447,1.70352E+12,203.1380205,210.0674418,1
6589a1e025073fa4a32ffbca,79071,0.028285465,0.226895688,CB.EN.U4CSE20447,1.70352E+12,39.48650879,178.1131149,1
6589a1e025073fa4a32ffbd9,80789,0.401480733,0.313237663,CB.EN.U4CSE20447,1.70352E+12,560.4671039,245.8915651,1
6589a1e025073fa4a32ffbe0,81918,0.532387622,0.099587404,CB.EN.U4CSE20447,1.70352E+12,743.2131198,78.1761118,1
6589a1e025073fa4a32ffbcf,79566,0.124800441,0.258920063,CB.EN.U4CSE20447,1.70352E+12,174.2214149,203.2522497,1
6589a1e025073fa4a32ff965,91,0.498650373,0.403226794,CB.EN.U4CSE20447,1.70352E+12,696.1159205,316.5330331,1
6589a1e025073fa4a32ff99c,6673,0.085504506,0.290754613,CB.EN.U4CSE20447,1.70352E+12,119.3642905,228.2423713,1
6589a1e025073fa4a32ff98f,5180,0.055419926,0.210130434,CB.EN.U4CSE20447,1.70352E+12,77.36621731,164.9523908,1
6589a1e025073fa4a32ff98c,4601,0.07857784,0.203730608,CB.EN.U4CSE20447,1.70352E+12,109.6946647,159.9285271,1
6589a1e025073fa4a32ff9bf,11116,0.136154422,0.230809844,CB.EN.U4CSE20447,1.70352E+12,190.0715735,181.1857275,1
6589a1e025073fa4a32ff9c5,12046,0.300670335,0.244149982,CB.EN.U4CSE20447,1.70352E+12,419.7357874,191.6577355,1
6589a1e025073fa4a32ff9c7,12226,0.392738317,0.236562719,CB.EN.U4CSE20447,1.70352E+12,548.2626904,185.7017342,1
6589a1e025073fa4a32ff9fa,19233,0.319131155,0.614810794,CB.EN.U4CSE20447,1.70352E+12,445.5070921,482.6264736,1
6589a1e025073fa4a32ff9e8,16485,0.210047422,0.150316415,CB.EN.U4CSE20447,1.70352E+12,293.2262016,117.9983856,1
6589a1e025073fa4a32ff9da,15050,0.265385189,0.274445876,CB.EN.U4CSE20447,1.70352E+12,370.4777233,215.4400124,1
6589a1e025073fa4a32ffa2d,26514,0.362038263,0.21603691,CB.EN.U4CSE20447,1.70352E+12,505.4054151,169.5889742,1
6589a1e025073fa4a32ffa33,27469,0.376460619,0.36941347,CB.EN.U4CSE20447,1.70352E+12,525.5390246,289.9895738,1
6589a1e025073fa4a32ffa3f,28952,0.280158383,0.240619736,CB.EN.U4CSE20447,1.70352E+12,391.1011022,188.8864925,1
6589a1e025073fa4a32ffa4a,30582,0.287387018,0.119569802,CB.EN.U4CSE20447,1.70352E+12,401.1922768,93.8622946,1
6589a1e025073fa4a32ffa76,36756,0.71880245,0.128844881,CB.EN.U4CSE20447,1.70352E+12,1003.44822,101.1432319,1
6589a1e025073fa4a32ffa99,40699,0.166013028,0.619148233,CB.EN.U4CSE20447,1.70352E+12,231.7541866,486.031363,1
6589a1e025073fa4a32ffab0,43239,0.387024189,0.637255645,CB.EN.U4CSE20447,1.70352E+12,540.2857682,500.2456815,1
6589a1e025073fa4a32ffab5,44026,0.393871278,0.708226972,CB.EN.U4CSE20447,1.70352E+12,549.8443036,555.9581728,1
6589a1e025073fa4a32ffac6,45731,0.610599901,0.53768189,CB.EN.U4CSE20447,1.70352E+12,852.3974613,422.0802839,1
6589a1e025073fa4a32ffb00,52291,0.387100471,0.306316775,CB.EN.U4CSE20447,1.70352E+12,540.392258,240.4586684,1
6589a1e025073fa4a32ffae6,49379,0.488758392,0.534106308,CB.EN.U4CSE20447,1.70352E+12,682.3067155,419.2734515,1
6589a1e025073fa4a32ffaef,50397,0.573729049,0.464586765,CB.EN.U4CSE20447,1.70352E+12,800.9257517,364.7006107,1
6589a1e025073fa4a32ffad4,47175,0.170223437,-0.030101765,CB.EN.U4CSE20447,1.70352E+12,237.6319186,-23.62988589,1
6589a1e025073fa4a32ffb0f,54647,0.058362296,0.320967304,CB.EN.U4CSE20447,1.70352E+12,81.47376485,251.9593338,1
6589a1e025073fa4a32ffb1a,55992,0.060457188,0.321092844,CB.EN.U4CSE20447,1.70352E+12,84.39823384,252.0578824,1
6589a1e025073fa4a32ffb14,55125,0.076232537,0.352539545,CB.EN.U4CSE20447,1.70352E+12,106.4206215,276.743543,1
6589a1e025073fa4a32ffb35,60225,0.320706469,0.183258768,CB.EN.U4CSE20447,1.70352E+12,447.706231,143.8581329,1
6589a1e025073fa4a32ffb33,60002,0.330057983,0.148807805,CB.EN.U4CSE20447,1.70352E+12,460.7609448,116.814127,1
6589a1e025073fa4a32ffb47,62282,0.207600764,0.442344916,CB.EN.U4CSE20447,1.70352E+12,289.810667,347.240759,1
6589a1e025073fa4a32ffb49,62726,0.220276934,0.398702224,CB.EN.U4CSE20447,1.70352E+12,307.5066002,312.9812462,1
6589a1e025073fa4a32ffb50,63363,0.195187624,0.248392536,CB.EN.U4CSE20447,1.70352E+12,272.4819235,194.9881405,1
6589a1e025073fa4a32ffb95,72898,0.628437989,0.357112783,CB.EN.U4CSE20447,1.70352E+12,877.299432,280.333535,1
6589a1e025073fa4a32ffbaf,75850,0.359957594,0.101363338,CB.EN.U4CSE20447,1.70352E+12,502.5008008,79.57022055,1
6589a1e025073fa4a32ffbc9,78986,0.052138858,0.235236509,CB.EN.U4CSE20447,1.70352E+12,72.78584514,184.6606596,1
6589a1e025073fa4a32ffbd4,80325,0.307242781,0.329115541,CB.EN.U4CSE20447,1.70352E+12,428.9109218,258.3556994,1
6589a1e025073fa4a32ff973,1680,0.150644354,0.320349713,CB.EN.U4CSE20447,1.70352E+12,210.2995177,251.4745249,1
6589a1e025073fa4a32ff99b,6585,0.081894836,0.267489561,CB.EN.U4CSE20447,1.70352E+12,114.3251913,209.9793057,1
6589a1e025073fa4a32ff99e,6847,0.083289633,0.354297286,CB.EN.U4CSE20447,1.70352E+12,116.2723278,278.1233692,1
6589a1e025073fa4a32ff9d0,13576,0.512891129,0.202354306,CB.EN.U4CSE20447,1.70352E+12,715.9960157,158.8481306,1
6589a1e025073fa4a32ff9e9,16568,0.219005872,0.165524172,CB.EN.U4CSE20447,1.70352E+12,305.7321974,129.9364753,1
6589a1e025073fa4a32ff9d3,13837,0.444165104,0.25637982,CB.EN.U4CSE20447,1.70352E+12,620.0544856,201.2581586,1
6589a1e025073fa4a32ffa0b,21199,0.187398407,0.34913012,CB.EN.U4CSE20447,1.70352E+12,261.6081763,274.067144,1
6589a1e025073fa4a32ffa0d,21381,0.201805084,0.353684194,CB.EN.U4CSE20447,1.70352E+12,281.7198977,277.6420921,1
6589a1e025073fa4a32ffa28,26091,0.384311187,0.226287948,CB.EN.U4CSE20447,1.70352E+12,536.4984175,177.6360388,1
6589a1e025073fa4a32ffa37,27833,0.386583675,0.382747237,CB.EN.U4CSE20447,1.70352E+12,539.6708107,300.4565809,1
6589a1e025073fa4a32ffa41,29125,0.27418326,0.196244648,CB.EN.U4CSE20447,1.70352E+12,382.7598304,154.0520486,1
6589a1e025073fa4a32ffa44,29399,0.249223858,0.194465692,CB.EN.U4CSE20447,1.70352E+12,347.9165056,152.6555683,1
6589a1e025073fa4a32ffa46,29590,0.271585896,0.174049675,CB.EN.U4CSE20447,1.70352E+12,379.1339104,136.6289952,1
6589a1e025073fa4a32ffa5b,33338,0.282384761,0.143046898,CB.EN.U4CSE20447,1.70352E+12,394.2091259,112.2918149,1
6589a1e025073fa4a32ffa5c,33422,0.294850349,0.133573198,CB.EN.U4CSE20447,1.70352E+12,411.6110867,104.8549603,1
6589a1e025073fa4a32ffa6f,36150,0.685740067,0.140647822,CB.EN.U4CSE20447,1.70352E+12,957.2931341,110.4085405,1
6589a1e025073fa4a32ffa57,32930,0.332397282,0.220926895,CB.EN.U4CSE20447,1.70352E+12,464.0266052,173.4276124,1
6589a1e025073fa4a32ffa56,32676,0.348743011,0.232657566,CB.EN.U4CSE20447,1.70352E+12,486.8452439,182.6361891,1
6589a1e025073fa4a32ffa7c,37651,0.260621026,0.473585748,CB.EN.U4CSE20447,1.70352E+12,363.8269521,371.7648122,1
6589a1e025073fa4a32ffa4f,31658,0.405353978,0.51624879,CB.EN.U4CSE20447,1.70352E+12,565.8741537,405.2553004,1
6589a1e025073fa4a32ffa69,35340,0.242154269,0.23652345,CB.EN.U4CSE20447,1.70352E+12,338.047359,185.6709083,1
6589a1e025073fa4a32ffa61,33855,0.274690257,0.254367876,CB.EN.U4CSE20447,1.70352E+12,383.4675988,199.6787824,1
6589a1e025073fa4a32ff9a1,7109,0.107443264,0.308210846,CB.EN.U4CSE20447,1.70352E+12,149.9907964,241.9455142,1
6589a1e025073fa4a32ffa8e,39467,0.721202007,0.53179322,CB.EN.U4CSE20447,1.70352E+12,1006.798002,417.4576775,1
6589a1e025073fa4a32ffa9f,41447,0.398425192,0.574027818,CB.EN.U4CSE20447,1.70352E+12,556.2015677,450.6118374,1
6589a1e025073fa4a32ffaaf,43149,0.391644879,0.604984405,CB.EN.U4CSE20447,1.70352E+12,546.736251,474.9127578,1
6589a1e025073fa4a32ffafb,51809,0.326345137,0.339829843,CB.EN.U4CSE20447,1.70352E+12,455.5778117,266.7664268,1
6589a1e025073fa4a32ffaea,49734,0.5778122,0.448697472,CB.EN.U4CSE20447,1.70352E+12,806.6258309,352.2275153,1
6589a1e025073fa4a32ffaf5,50934,0.367596968,0.418779775,CB.EN.U4CSE20447,1.70352E+12,513.1653673,328.7421237,1
6589a1e025073fa4a32ffb0d,54371,0.074113438,0.30357271,CB.EN.U4CSE20447,1.70352E+12,103.4623599,238.3045774,1
6589a1e025073fa4a32ffb20,57312,0.103109805,0.19630703,CB.EN.U4CSE20447,1.70352E+12,143.9412876,154.1010189,1
6589a1e025073fa4a32ffb22,57531,0.190725378,0.226346419,CB.EN.U4CSE20447,1.70352E+12,266.252628,177.6819391,1
6589a1e025073fa4a32ffb34,60095,0.328569087,0.154030194,CB.EN.U4CSE20447,1.70352E+12,458.682446,120.9137022,1
6589a1e025073fa4a32ffb25,57885,0.294014499,0.283268743,CB.EN.U4CSE20447,1.70352E+12,410.4442404,222.3659634,1
6589a1e025073fa4a32ffb39,60622,0.2747341,0.200318989,CB.EN.U4CSE20447,1.70352E+12,383.5288042,157.2504067,1
6589a1e025073fa4a32ffb45,62057,0.229520561,0.486481926,CB.EN.U4CSE20447,1.70352E+12,320.4107033,381.8883118,1
6589a1e025073fa4a32ffb82,70657,0.416311391,0.306389776,CB.EN.U4CSE20447,1.70352E+12,581.1707016,240.5159738,1
6589a1e025073fa4a32ffb71,68848,0.331975572,0.641876259,CB.EN.U4CSE20447,1.70352E+12,463.4378985,503.8728632,1
6589a1e025073fa4a32ffb72,68937,0.315263347,0.683863366,CB.EN.U4CSE20447,1.70352E+12,440.1076328,536.8327425,1
6589a1e025073fa4a32ffb86,71274,0.481575511,0.443391081,CB.EN.U4CSE20447,1.70352E+12,672.2794134,348.0619987,1
6589a1e025073fa4a32ffb60,65951,0.245527828,0.194007139,CB.EN.U4CSE20447,1.70352E+12,342.756848,152.2956045,1
6589a1e025073fa4a32ffb7b,70019,0.19159073,0.588862314,CB.EN.U4CSE20447,1.70352E+12,267.4606588,462.2569161,1
6589a1e025073fa4a32ffba4,74878,0.189418447,0.487626125,CB.EN.U4CSE20447,1.70352E+12,264.4281518,382.7865082,1
6589a1e025073fa4a32ffbad,75670,0.304493886,0.064272123,CB.EN.U4CSE20447,1.70352E+12,425.0734644,50.45361635,1
6589a1e025073fa4a32ffbc6,78476,0.213374102,0.253798473,CB.EN.U4CSE20447,1.70352E+12,297.8702457,199.2318016,1
6589a1e025073fa4a32ffbd0,79652,0.152995608,0.297759754,CB.EN.U4CSE20447,1.70352E+12,213.5818688,233.741407,1
6589a1e025073fa4a32ff9ba,10377,0.071780281,0.348522966,CB.EN.U4CSE20447,1.70352E+12,100.2052718,273.5905286,1
6589a1e025073fa4a32ff9d7,14768,0.309693508,0.25603191,CB.EN.U4CSE20447,1.70352E+12,432.3321378,200.985049,1
6589a1e025073fa4a32ffa02,19946,0.283437088,0.223238288,CB.EN.U4CSE20447,1.70352E+12,395.6781746,175.2420561,1
6589a1e025073fa4a32ff9ff,19656,0.27218547,0.366719198,CB.EN.U4CSE20447,1.70352E+12,379.970916,287.8745708,1
6589a1e025073fa4a32ff9d9,14966,0.276909081,0.299948388,CB.EN.U4CSE20447,1.70352E+12,386.5650765,235.4594846,1
6589a1e025073fa4a32ff9fe,19577,0.271141347,0.430186766,CB.EN.U4CSE20447,1.70352E+12,378.5133201,337.696611,1
6589a1e025073fa4a32ffa0e,21463,0.193940359,0.394021185,CB.EN.U4CSE20447,1.70352E+12,270.740741,309.30663,1
6589a1e025073fa4a32ffa2e,26602,0.377359072,0.207371918,CB.EN.U4CSE20447,1.70352E+12,526.7932651,162.786956,1
6589a1e025073fa4a32ffa39,28002,0.378683966,0.369262701,CB.EN.U4CSE20447,1.70352E+12,528.642817,289.8712199,1
6589a1e025073fa4a32ffa3e,28838,0.310596248,0.262015144,CB.EN.U4CSE20447,1.70352E+12,433.5923628,205.6818884,1
6589a1e025073fa4a32ffa48,29755,0.283726561,0.128439158,CB.EN.U4CSE20447,1.70352E+12,396.0822794,100.8247393,1
6589a1e025073fa4a32ffa64,34881,0.244195493,0.321646718,CB.EN.U4CSE20447,1.70352E+12,340.8969081,252.4926738,1
6589a1e025073fa4a32ffa50,31789,0.409204664,0.453817108,CB.EN.U4CSE20447,1.70352E+12,571.2497103,356.2464301,1
6589a1e025073fa4a32ffa87,38877,0.445238652,0.500233711,CB.EN.U4CSE20447,1.70352E+12,621.5531579,392.6834632,1
6589a1e025073fa4a32ffaa0,41530,0.43832261,0.56580978,CB.EN.U4CSE20447,1.70352E+12,611.8983641,444.1606771,1
6589a1e025073fa4a32ffab2,43414,0.397053249,0.668111652,CB.EN.U4CSE20447,1.70352E+12,554.2863351,524.467647,1
6589a1e025073fa4a32ffac0,45196,0.393001669,0.5854845,CB.EN.U4CSE20447,1.70352E+12,548.6303292,459.6053321,1
6589a1e025073fa4a32ffad5,47264,0.184000014,-0.066831591,CB.EN.U4CSE20447,1.70352E+12,256.8640197,-52.46279897,1
6589a1e025073fa4a32ffaf3,50742,0.456575062,0.438699141,CB.EN.U4CSE20447,1.70352E+12,637.3787866,344.378826,1
6589a1e025073fa4a32ffae0,48561,0.362771895,0.569795405,CB.EN.U4CSE20447,1.70352E+12,506.4295651,447.289393,1
6589a1e025073fa4a32ffaed,50233,0.576130386,0.44810516,CB.EN.U4CSE20447,1.70352E+12,804.2780183,351.7625506,1
6589a1e025073fa4a32ffb17,55406,0.062264428,0.371668669,CB.EN.U4CSE20447,1.70352E+12,86.92114117,291.7599052,1
6589a1e025073fa4a32ffb2b,58928,0.409729336,0.17747407,CB.EN.U4CSE20447,1.70352E+12,571.9821532,139.3171453,1
6589a1e025073fa4a32ffb57,64832,0.308431359,0.241118827,CB.EN.U4CSE20447,1.70352E+12,430.5701765,189.278279,1
6589a1e025073fa4a32ffbc0,77959,0.814006723,0.08441985,CB.EN.U4CSE20447,1.70352E+12,1136.353386,66.2695825,1
6589a1e025073fa4a32ffbba,77111,0.719717326,0.195960847,CB.EN.U4CSE20447,1.70352E+12,1004.725387,153.8292646,1
6589a1e025073fa4a32ffbc5,78392,0.314619362,0.271819468,CB.EN.U4CSE20447,1.70352E+12,439.2086295,213.3782823,1
6589a1e025073fa4a32ffbdd,81602,0.510856242,0.205931657,CB.EN.U4CSE20447,1.70352E+12,713.1553135,161.6563511,1
6589a1e025073fa4a32ffbd2,80133,0.207725478,0.317366157,CB.EN.U4CSE20447,1.70352E+12,289.9847674,249.1324329,1
6589a1e025073fa4a32ffbd5,80420,0.329024189,0.331416034,CB.EN.U4CSE20447,1.70352E+12,459.3177679,260.1615864,1
6589a1e025073fa4a32ffbcc,79298,0.023128441,0.207371751,CB.EN.U4CSE20447,1.70352E+12,32.28730341,162.7868242,1
6589a1e025073fa4a32ff966,177,0.506403661,0.474747923,CB.EN.U4CSE20447,1.70352E+12,706.939511,372.6771199,1
6589a1e025073fa4a32ff97a,2547,-0.036841927,0.077272793,CB.EN.U4CSE20447,1.70352E+12,-51.43133008,60.65914215,1
6589a1e025073fa4a32ff985,3941,0.072287104,0.123634118,CB.EN.U4CSE20447,1.70352E+12,100.9127977,97.05278236,1
6589a1e025073fa4a32ff982,3397,0.02755661,0.045150235,CB.EN.U4CSE20447,1.70352E+12,38.46902781,35.44293451,1
6589a1e025073fa4a32ff994,5624,0.029057524,0.26795901,CB.EN.U4CSE20447,1.70352E+12,40.56430344,210.3478228,1
6589a1e025073fa4a32ff98e,5093,0.059051847,0.182440476,CB.EN.U4CSE20447,1.70352E+12,82.43637774,143.215774,1
6589a1e025073fa4a32ff986,4041,0.086428053,0.154685096,CB.EN.U4CSE20447,1.70352E+12,120.6535622,121.4278004,1
6589a1e025073fa4a32ff987,4122,0.103495942,0.165845912,CB.EN.U4CSE20447,1.70352E+12,144.4803344,130.189041,1
6589a1e025073fa4a32ff9a4,7707,0.088057745,0.24005167,CB.EN.U4CSE20447,1.70352E+12,122.9286118,188.4405609,1
6589a1e025073fa4a32ff9ae,8677,0.079869961,0.354148956,CB.EN.U4CSE20447,1.70352E+12,111.4984653,278.0069305,1
6589a1e025073fa4a32ff9b7,9831,0.048103846,0.321700623,CB.EN.U4CSE20447,1.70352E+12,67.15296859,252.5349893,1
6589a1e025073fa4a32ffa03,20035,0.279132583,0.228488554,CB.EN.U4CSE20447,1.70352E+12,389.6690864,179.3635148,1
6589a1e025073fa4a32ff9e1,15633,0.251746974,0.192255101,CB.EN.U4CSE20447,1.70352E+12,351.4387756,150.9202542,1
6589a1e025073fa4a32ffa1a,24188,0.361617912,0.32365147,CB.EN.U4CSE20447,1.70352E+12,504.8186052,254.066404,1
6589a1e025073fa4a32ffa21,25084,0.426016436,0.197492943,CB.EN.U4CSE20447,1.70352E+12,594.7189449,155.0319606,1
6589a1e025073fa4a32ffa32,27383,0.359922148,0.352189491,CB.EN.U4CSE20447,1.70352E+12,502.4513188,276.4687505,1
6589a1e025073fa4a32ffa6d,35674,0.509492272,0.226592869,CB.EN.U4CSE20447,1.70352E+12,711.2512117,177.8754022,1
6589a1e025073fa4a32ffa80,38003,0.274598205,0.575463745,CB.EN.U4CSE20447,1.70352E+12,383.3390942,451.7390398,1
6589a1e025073fa4a32ffa52,31993,0.397115875,0.336217408,CB.EN.U4CSE20447,1.70352E+12,554.3737622,263.9306655,1
6589a1e025073fa4a32ffad0,46790,0.452806676,0.233752841,CB.EN.U4CSE20447,1.70352E+12,632.1181199,183.4959798,1
6589a1e025073fa4a32ffb07,53770,0.103497218,0.226508335,CB.EN.U4CSE20447,1.70352E+12,144.4821162,177.8090428,1
6589a1e025073fa4a32ffaf7,51141,0.300190191,0.310773743,CB.EN.U4CSE20447,1.70352E+12,419.065507,243.957388,1
6589a1e025073fa4a32ffad9,47954,0.511306022,0.015207435,CB.EN.U4CSE20447,1.70352E+12,713.7832066,11.93783685,1
6589a1e025073fa4a32ffae2,48989,0.395641466,0.588970543,CB.EN.U4CSE20447,1.70352E+12,552.3154869,462.3418761,1
6589a1e025073fa4a32ffaeb,49816,0.582491715,0.450106897,CB.EN.U4CSE20447,1.70352E+12,813.1584339,353.3339145,1
6589a1e025073fa4a32ffb0c,54270,0.078961165,0.317811534,CB.EN.U4CSE20447,1.70352E+12,110.2297857,249.4820546,1
6589a1e025073fa4a32ffb12,54932,0.040716168,0.319245797,CB.EN.U4CSE20447,1.70352E+12,56.83976997,250.6079506,1
6589a1e025073fa4a32ffb64,67420,0.298962927,0.211330776,CB.EN.U4CSE20447,1.70352E+12,417.352246,165.8946594,1
6589a1e025073fa4a32ffb5c,65563,0.255682303,0.269968004,CB.EN.U4CSE20447,1.70352E+12,356.9324955,211.9248833,1
6589a1e025073fa4a32ffb85,71182,0.452055225,0.35819726,CB.EN.U4CSE20447,1.70352E+12,631.0690945,281.1848493,1
6589a1e025073fa4a32ffb4c,63002,0.187118159,0.353063936,CB.EN.U4CSE20447,1.70352E+12,261.21695,277.1551894,1
6589a1e025073fa4a32ffb77,69666,0.305732196,0.66614948,CB.EN.U4CSE20447,1.70352E+12,426.8021462,522.927342,1
6589a1e025073fa4a32ffb81,70564,0.366560325,0.342895231,CB.EN.U4CSE20447,1.70352E+12,511.7182135,269.1727565,1
6589a1e025073fa4a32ffb96,72985,0.64770653,0.340025124,CB.EN.U4CSE20447,1.70352E+12,904.1983156,266.9197224,1
6589a1e025073fa4a32ffba9,75319,0.306909226,0.254373288,CB.EN.U4CSE20447,1.70352E+12,428.4452789,199.6830307,1
6589a1e025073fa4a32ffbac,75580,0.305810448,0.100589094,CB.EN.U4CSE20447,1.70352E+12,426.911385,78.96243856,1
6589a1e025073fa4a32ffbb2,76362,0.578648778,0.09940405,CB.EN.U4CSE20447,1.70352E+12,807.7936939,78.03217932,1
6589a1e025073fa4a32ffbb5,76625,0.5823547,0.188529022,CB.EN.U4CSE20447,1.70352E+12,812.9671615,147.9952821,1
6589a1e025073fa4a32ffbc3,78216,0.542458733,0.228467733,CB.EN.U4CSE20447,1.70352E+12,757.2723911,179.3471707,1
6589a1e025073fa4a32ffbc2,78131,0.694560855,0.175858978,CB.EN.U4CSE20447,1.70352E+12,969.6069532,138.049298,1
6589a1e025073fa4a32ff99a,6494,0.081225934,0.267358425,CB.EN.U4CSE20447,1.70352E+12,113.3914044,209.8763633,1
6589a1e025073fa4a32ff970,1423,0.2275208,0.457026626,CB.EN.U4CSE20447,1.70352E+12,317.6190368,358.7659017,1
6589a1e025073fa4a32ff978,2373,0.00582743,0.128381194,CB.EN.U4CSE20447,1.70352E+12,8.135091997,100.7792372,1
6589a1e025073fa4a32ff975,1858,0.07767183,0.267116231,CB.EN.U4CSE20447,1.70352E+12,108.4298748,209.686241,1
6589a1e025073fa4a32ff96c,1071,0.497937456,0.565207795,CB.EN.U4CSE20447,1.70352E+12,695.1206886,443.6881188,1
6589a1e025073fa4a32ff981,3195,0.010035072,0.012689813,CB.EN.U4CSE20447,1.70352E+12,14.00896067,9.961503013,1
6589a1e025073fa4a32ff9a2,7189,0.108477152,0.308219884,CB.EN.U4CSE20447,1.70352E+12,151.4341037,241.9526092,1
6589a1e025073fa4a32ff9a8,8096,0.093532359,0.243674654,CB.EN.U4CSE20447,1.70352E+12,130.5711729,191.2846031,1
6589a1e025073fa4a32ff9b4,9549,0.051439332,0.345864264,CB.EN.U4CSE20447,1.70352E+12,71.80930794,271.5034469,1
6589a1e025073fa4a32ff9b6,9747,0.052125093,0.303665131,CB.EN.U4CSE20447,1.70352E+12,72.76663008,238.3771276,1
6589a1e025073fa4a32ff9e0,15551,0.231371302,0.231532627,CB.EN.U4CSE20447,1.70352E+12,322.9943374,181.7531125,1
6589a1e025073fa4a32ff9e6,16311,0.21151992,0.152946645,CB.EN.U4CSE20447,1.70352E+12,295.2818088,120.0631165,1
6589a1e025073fa4a32ffa05,20642,0.243036078,0.278943952,CB.EN.U4CSE20447,1.70352E+12,339.2783653,218.9710024,1
6589a1e025073fa4a32ff9ec,16895,0.224372139,0.169677836,CB.EN.U4CSE20447,1.70352E+12,313.2235056,133.1971014,1
6589a1e025073fa4a32ff9cf,13487,0.523813768,0.202833194,CB.EN.U4CSE20447,1.70352E+12,731.2440199,159.2240573,1
6589a1e025073fa4a32ffa0c,21291,0.193836932,0.366225689,CB.EN.U4CSE20447,1.70352E+12,270.5963571,287.4871656,1
6589a1e025073fa4a32ffa11,22261,0.248673443,0.400295493,CB.EN.U4CSE20447,1.70352E+12,347.1481265,314.2319618,1
6589a1e025073fa4a32ffa15,23160,0.240673574,0.317344275,CB.EN.U4CSE20447,1.70352E+12,335.9803089,249.1152561,1
6589a1e025073fa4a32ffa2c,26426,0.368566245,0.188290159,CB.EN.U4CSE20447,1.70352E+12,514.5184779,147.8077747,1
6589a1e025073fa4a32ffa30,26818,0.356609106,0.290080753,CB.EN.U4CSE20447,1.70352E+12,497.8263114,227.7133912,1
6589a1e025073fa4a32ffa5a,33249,0.299645032,0.170695089,CB.EN.U4CSE20447,1.70352E+12,418.3044646,133.9956452,1
6589a1e025073fa4a32ffa8c,39299,0.72255575,0.50862624,CB.EN.U4CSE20447,1.70352E+12,1008.687827,399.2715985,1
6589a1e025073fa4a32ffa9c,41190,0.24132905,0.605952986,CB.EN.U4CSE20447,1.70352E+12,336.895354,475.6730941,1
6589a1e025073fa4a32ffac7,45816,0.632848328,0.530607431,CB.EN.U4CSE20447,1.70352E+12,883.4562653,416.526833,1
6589a1e025073fa4a32ffaee,50316,0.581460695,0.455398447,CB.EN.U4CSE20447,1.70352E+12,811.7191301,357.4877806,1
6589a1e025073fa4a32ffad8,47868,0.428742306,-0.040935802,CB.EN.U4CSE20447,1.70352E+12,598.524259,-32.13460444,1
6589a1e025073fa4a32ffaff,52194,0.403253763,0.333366295,CB.EN.U4CSE20447,1.70352E+12,562.9422531,261.6925416,1
6589a1e025073fa4a32ffb11,54840,0.037711239,0.347861735,CB.EN.U4CSE20447,1.70352E+12,52.64489034,273.0714618,1
6589a1e025073fa4a32ffb10,54748,0.042780863,0.312304935,CB.EN.U4CSE20447,1.70352E+12,59.72208511,245.1593739,1
6589a1e025073fa4a32ffb0e,54544,0.067390405,0.305756635,CB.EN.U4CSE20447,1.70352E+12,94.07700549,240.0189582,1
6589a1e025073fa4a32ffb2e,59207,0.40829101,0.183564392,CB.EN.U4CSE20447,1.70352E+12,569.9742495,144.0980473,1
6589a1e025073fa4a32ffb2d,59117,0.417219709,0.191809318,CB.EN.U4CSE20447,1.70352E+12,582.4387134,150.5703147,1
6589a1e025073fa4a32ffb3f,61469,0.299746583,0.328379474,CB.EN.U4CSE20447,1.70352E+12,418.44623,257.777887,1
6589a1e025073fa4a32ffb41,61665,0.290533906,0.386230667,CB.EN.U4CSE20447,1.70352E+12,405.5853334,303.1910737,1
6589a1e025073fa4a32ffb48,62623,0.224670408,0.406087737,CB.EN.U4CSE20447,1.70352E+12,313.6398892,318.7788734,1
6589a1e025073fa4a32ffb63,67313,0.317443266,0.21384804,CB.EN.U4CSE20447,1.70352E+12,443.150799,167.870711,1
6589a1e025073fa4a32ffb78,69754,0.273376983,0.650836196,CB.EN.U4CSE20447,1.70352E+12,381.6342689,510.9064135,1
6589a1e025073fa4a32ffb4b,62916,0.199226694,0.387386801,CB.EN.U4CSE20447,1.70352E+12,278.1204654,304.0986386,1
6589a1e025073fa4a32ffb94,72810,0.615086087,0.400409297,CB.EN.U4CSE20447,1.70352E+12,858.6601781,314.3212984,1
6589a1e025073fa4a32ffb9d,73914,0.262206174,0.227487887,CB.EN.U4CSE20447,1.70352E+12,366.0398193,178.5779912,1
6589a1e025073fa4a32ffba5,74971,0.228678251,0.448624677,CB.EN.U4CSE20447,1.70352E+12,319.2348384,352.1703711,1
6589a1e025073fa4a32ffbc4,78301,0.403510618,0.26851971,CB.EN.U4CSE20447,1.70352E+12,563.3008234,210.7879726,1
6589a1e025073fa4a32ffbbf,77868,0.803396516,0.067439496,CB.EN.U4CSE20447,1.70352E+12,1121.541537,52.94000422,1
6589a1e025073fa4a32ffbb7,76856,0.634610583,0.209723474,CB.EN.U4CSE20447,1.70352E+12,885.9163741,164.6329272,1
6589a1e025073fa4a32ffbce,79476,0.100803534,0.22323319,CB.EN.U4CSE20447,1.70352E+12,140.7217335,175.2380538,1
6589a1e025073fa4a32ffbdf,81830,0.53482677,0.139913776,CB.EN.U4CSE20447,1.70352E+12,746.6181707,109.8323141,1
6589a1e025073fa4a32ff97e,2884,-0.004371624,0.051629217,CB.EN.U4CSE20447,1.70352E+12,-6.102787168,40.52893498,1
6589a1e025073fa4a32ff9be,11001,0.136400942,0.237260404,CB.EN.U4CSE20447,1.70352E+12,190.4157144,186.2494169,1
6589a1e025073fa4a32ff9b5,9658,0.046598743,0.313683148,CB.EN.U4CSE20447,1.70352E+12,65.05184468,246.2412713,1
6589a1e025073fa4a32ff9c9,12418,0.439750089,0.240865999,CB.EN.U4CSE20447,1.70352E+12,613.8911247,189.0798092,1
6589a1e025073fa4a32ff9c3,11792,0.204515578,0.219806069,CB.EN.U4CSE20447,1.70352E+12,285.5037467,172.5477643,1
6589a1e025073fa4a32ff9cd,13310,0.506991629,0.212709065,CB.EN.U4CSE20447,1.70352E+12,707.7603138,166.9766158,1
6589a1e025073fa4a32ff9ee,17836,0.239004892,0.232305954,CB.EN.U4CSE20447,1.70352E+12,333.6508295,182.3601738,1
6589a1e025073fa4a32ff9e7,16395,0.205868228,0.149669454,CB.EN.U4CSE20447,1.70352E+12,287.3920459,117.4905215,1
6589a1e025073fa4a32ff9fb,19317,0.320284636,0.5444663,CB.EN.U4CSE20447,1.70352E+12,447.1173516,427.4060458,1
6589a1e025073fa4a32ff9cb,13076,0.503218148,0.202976362,CB.EN.U4CSE20447,1.70352E+12,702.492535,159.3364442,1
6589a1e025073fa4a32ff9c8,12331,0.429031967,0.219648763,CB.EN.U4CSE20447,1.70352E+12,598.9286259,172.4242788,1
6589a1e025073fa4a32ff9cc,13179,0.507299917,0.194018605,CB.EN.U4CSE20447,1.70352E+12,708.1906837,152.3046049,1
6589a1e025073fa4a32ff9eb,16801,0.237480572,0.170095531,CB.EN.U4CSE20447,1.70352E+12,331.522878,133.5249918,1
6589a1e025073fa4a32ffa0f,22093,0.227490357,0.419559753,CB.EN.U4CSE20447,1.70352E+12,317.5765383,329.3544064,1
6589a1e025073fa4a32ff96a,572,0.591482376,0.563304935,CB.EN.U4CSE20447,1.70352E+12,825.7093965,442.1943741,1
6589a1e025073fa4a32ffa09,21021,0.222071033,0.372081764,CB.EN.U4CSE20447,1.70352E+12,310.0111621,292.0841849,1
6589a1e025073fa4a32ff977,2279,0.04626508,0.208707129,CB.EN.U4CSE20447,1.70352E+12,64.58605177,163.8350959,1
6589a1e025073fa4a32ffa16,23628,0.278214757,0.346358849,CB.EN.U4CSE20447,1.70352E+12,388.3878002,271.8916965,1
6589a1e025073fa4a32ff995,5704,0.019085857,0.244329798,CB.EN.U4CSE20447,1.70352E+12,26.6438557,191.7988914,1
6589a1e025073fa4a32ff98b,4508,0.059094779,0.164209575,CB.EN.U4CSE20447,1.70352E+12,82.496311,128.9045161,1
6589a1e025073fa4a32ffa3a,28093,0.378947223,0.359730692,CB.EN.U4CSE20447,1.70352E+12,529.0103233,282.3885932,1
6589a1e025073fa4a32ffa79,37036,0.434902589,0.397657466,CB.EN.U4CSE20447,1.70352E+12,607.1240144,312.1611109,1
6589a1e025073fa4a32ff989,4297,0.102572617,0.183180593,CB.EN.U4CSE20447,1.70352E+12,143.1913727,143.7967657,1
6589a1e025073fa4a32ff9ac,8485,0.082332152,0.310156563,CB.EN.U4CSE20447,1.70352E+12,114.9356836,243.472902,1
6589a1e025073fa4a32ff9a0,7019,0.086895548,0.309324889,CB.EN.U4CSE20447,1.70352E+12,121.3061848,242.820038,1
6589a1e025073fa4a32ffa8f,39548,0.711790224,0.532046372,CB.EN.U4CSE20447,1.70352E+12,993.6591523,417.6564017,1
6589a1e025073fa4a32ff9af,9074,0.095975398,0.399234906,CB.EN.U4CSE20447,1.70352E+12,133.981656,313.3994009,1
6589a1e025073fa4a32ff9de,15385,0.222859779,0.243040174,CB.EN.U4CSE20447,1.70352E+12,311.1122515,190.7865369,1
6589a1e025073fa4a32ffaa2,41714,0.537866464,0.551603765,CB.EN.U4CSE20447,1.70352E+12,750.8615841,433.0089557,1
6589a1e025073fa4a32ffa9e,41361,0.355453927,0.577932978,CB.EN.U4CSE20447,1.70352E+12,496.2136827,453.6773879,1
6589a1e025073fa4a32ff9ed,17746,0.228471928,0.168611724,CB.EN.U4CSE20447,1.70352E+12,318.9468119,132.3602037,1
6589a1e025073fa4a32ff9d5,14014,0.373751098,0.249864646,CB.EN.U4CSE20447,1.70352E+12,521.7565335,196.1437472,1
6589a1e025073fa4a32ff998,6310,0.041673022,0.259534768,CB.EN.U4CSE20447,1.70352E+12,58.17553912,203.7347927,1
6589a1e025073fa4a32ffaab,42793,0.653184421,0.483364797,CB.EN.U4CSE20447,1.70352E+12,911.8454519,379.4413658,1
6589a1e025073fa4a32ffab1,43330,0.388228099,0.659824174,CB.EN.U4CSE20447,1.70352E+12,541.9664258,517.9619768,1
6589a1e025073fa4a32ff9f8,19065,0.316659825,0.574484171,CB.EN.U4CSE20447,1.70352E+12,442.0571151,450.9700742,1
6589a1e025073fa4a32ff9a7,8005,0.082772452,0.237690658,CB.EN.U4CSE20447,1.70352E+12,115.5503432,186.5871664,1
6589a1e025073fa4a32ff9c0,11227,0.135351687,0.229594245,CB.EN.U4CSE20447,1.70352E+12,188.9509557,180.2314824,1
6589a1e025073fa4a32ffabb,44541,0.180653831,0.679006721,CB.EN.U4CSE20447,1.70352E+12,252.1927483,533.0202761,1
6589a1e025073fa4a32ff9ce,13392,0.519492875,0.194611182,CB.EN.U4CSE20447,1.70352E+12,725.212053,152.7697776,1
6589a1e025073fa4a32ff9d4,13925,0.410306827,0.251587962,CB.EN.U4CSE20447,1.70352E+12,572.7883304,197.4965499,1
6589a1e025073fa4a32ff9b3,9455,0.058049732,0.350280675,CB.EN.U4CSE20447,1.70352E+12,81.03742525,274.9703298,1
6589a1e025073fa4a32ffabc,44622,0.170939069,0.678347624,CB.EN.U4CSE20447,1.70352E+12,238.6309402,532.502885,1
6589a1e025073fa4a32ffac2,45398,0.503916965,0.562963776,CB.EN.U4CSE20447,1.70352E+12,703.4680827,441.9265644,1
6589a1e025073fa4a32ff9f0,18018,0.25571148,0.402759515,CB.EN.U4CSE20447,1.70352E+12,356.9732257,316.1662193,1
6589a1e025073fa4a32ff9e4,16115,0.247649686,0.200929873,CB.EN.U4CSE20447,1.70352E+12,345.718961,157.72995,1
6589a1e025073fa4a32ff9dc,15218,0.241890169,0.274512935,CB.EN.U4CSE20447,1.70352E+12,337.6786764,215.4926542,1
6589a1e025073fa4a32ffac9,45999,0.636912618,0.562047336,CB.EN.U4CSE20447,1.70352E+12,889.1300154,441.2071584,1
6589a1e025073fa4a32ffa24,25590,0.428306478,0.229194301,CB.EN.U4CSE20447,1.70352E+12,597.915844,179.9175262,1
6589a1e025073fa4a32ffa43,29308,0.237988545,0.198093348,CB.EN.U4CSE20447,1.70352E+12,332.2320095,155.5032782,1
6589a1e025073fa4a32ffa12,22343,0.224698947,0.337357047,CB.EN.U4CSE20447,1.70352E+12,313.6797307,264.8252821,1
6589a1e025073fa4a32ffae5,49287,0.455637458,0.541171512,CB.EN.U4CSE20447,1.70352E+12,636.0698911,424.8196367,1
6589a1e025073fa4a32ffaec,49909,0.577250249,0.417930623,CB.EN.U4CSE20447,1.70352E+12,805.8413477,328.0755393,1
6589a1e025073fa4a32ffa7a,37471,0.343685729,0.43489154,CB.EN.U4CSE20447,1.70352E+12,479.7852773,341.3898586,1
6589a1e025073fa4a32ffa1c,24403,0.423649691,0.343255987,CB.EN.U4CSE20447,1.70352E+12,591.4149689,269.4559497,1
6589a1e025073fa4a32ffa20,24985,0.415183743,0.211316083,CB.EN.U4CSE20447,1.70352E+12,579.5965051,165.8831254,1
6589a1e025073fa4a32ffaf8,51527,0.264606829,0.299227586,CB.EN.U4CSE20447,1.70352E+12,369.3911336,234.8936553,1
6589a1e025073fa4a32ffa47,29671,0.262058774,0.157833703,CB.EN.U4CSE20447,1.70352E+12,365.8340492,123.8994572,1
6589a1e025073fa4a32ffa6b,35505,0.395359267,0.244066426,CB.EN.U4CSE20447,1.70352E+12,551.921537,191.5921447,1
6589a1e025073fa4a32ffa36,27745,0.353566599,0.401110918,CB.EN.U4CSE20447,1.70352E+12,493.5789728,314.8720707,1
6589a1e025073fa4a32ffb1d,56628,0.095512656,0.273936892,CB.EN.U4CSE20447,1.70352E+12,133.3356683,215.0404601,1
6589a1e025073fa4a32ffb29,58729,0.417094776,0.20629176,CB.EN.U4CSE20447,1.70352E+12,582.2643072,161.9390317,1
6589a1e025073fa4a32ffa9a,40785,0.17266067,0.605524895,CB.EN.U4CSE20447,1.70352E+12,241.0342957,475.3370424,1
6589a1e025073fa4a32ffa38,27917,0.37926476,0.377736308,CB.EN.U4CSE20447,1.70352E+12,529.4536046,296.5230015,1
6589a1e025073fa4a32ffa3d,28377,0.349288495,0.267067871,CB.EN.U4CSE20447,1.70352E+12,487.6067396,209.6482785,1
6589a1e025073fa4a32ffb3c,60902,0.309693209,0.233348073,CB.EN.U4CSE20447,1.70352E+12,432.3317192,183.1782371,1
6589a1e025073fa4a32ffab8,44287,0.2424259,0.684881818,CB.EN.U4CSE20447,1.70352E+12,338.4265567,537.6322274,1
6589a1e025073fa4a32ffac8,45899,0.636796378,0.551464862,CB.EN.U4CSE20447,1.70352E+12,888.9677439,432.899917,1
6589a1e025073fa4a32ffa4e,31261,0.424733116,0.462124045,CB.EN.U4CSE20447,1.70352E+12,592.9274297,362.7673754,1
6589a1e025073fa4a32ffb70,68759,0.325321958,0.595659258,CB.EN.U4CSE20447,1.70352E+12,454.149454,467.5925173,1
6589a1e025073fa4a32ffb6a,67944,0.377410069,0.25840044,CB.EN.U4CSE20447,1.70352E+12,526.8644564,202.8443456,1
6589a1e025073fa4a32ffb13,55027,0.057971053,0.336908015,CB.EN.U4CSE20447,1.70352E+12,80.9275895,264.4727921,1
6589a1e025073fa4a32ffa62,34708,0.238127389,0.297964026,CB.EN.U4CSE20447,1.70352E+12,332.4258354,233.9017607,1
6589a1e025073fa4a32ffa53,32108,0.386961042,0.299622025,CB.EN.U4CSE20447,1.70352E+12,540.1976153,235.2032894,1
6589a1e025073fa4a32ffb53,63855,0.190419723,0.229001256,CB.EN.U4CSE20447,1.70352E+12,265.8259333,179.7659859,1
6589a1e025073fa4a32ffb1e,56731,0.096606943,0.2173512,CB.EN.U4CSE20447,1.70352E+12,134.8632928,170.6206923,1
6589a1e025073fa4a32ffb3b,60802,0.284573646,0.196937271,CB.EN.U4CSE20447,1.70352E+12,397.2648096,154.595758,1
6589a1e025073fa4a32ffa8b,39213,0.687342274,0.525383602,CB.EN.U4CSE20447,1.70352E+12,959.529814,412.4261276,1
6589a1e025073fa4a32ffb69,67859,0.334476945,0.253687616,CB.EN.U4CSE20447,1.70352E+12,466.9298157,199.1447782,1
6589a1e025073fa4a32ffb93,72722,0.595143352,0.431869412,CB.EN.U4CSE20447,1.70352E+12,830.8201197,339.0174884,1
6589a1e025073fa4a32ffb43,61866,0.248577706,0.414075978,CB.EN.U4CSE20447,1.70352E+12,347.0144773,325.0496429,1
6589a1e025073fa4a32ffa95,40293,0.42482477,0.574771153,CB.EN.U4CSE20447,1.70352E+12,593.0553791,451.1953552,1
6589a1e025073fa4a32ffab6,44109,0.307280834,0.694480655,CB.EN.U4CSE20447,1.70352E+12,428.9640448,545.1673143,1
6589a1e025073fa4a32ffb92,72628,0.568628836,0.473129018,CB.EN.U4CSE20447,1.70352E+12,793.805855,371.4062791,1
6589a1e025073fa4a32ffb58,65119,0.313985242,0.234514817,CB.EN.U4CSE20447,1.70352E+12,438.3233981,184.0941315,1
6589a1e025073fa4a32ffa86,38791,0.373237839,0.534477082,CB.EN.U4CSE20447,1.70352E+12,521.0400226,419.5645096,1
6589a1e025073fa4a32ffad1,46884,0.362281249,0.156016198,CB.EN.U4CSE20447,1.70352E+12,505.7446238,122.4727154,1
6589a1e025073fa4a32ffb9a,73642,0.445047884,0.184498447,CB.EN.U4CSE20447,1.70352E+12,621.2868465,144.8312811,1
6589a1e025073fa4a32ffba1,74269,0.165646563,0.465386329,CB.EN.U4CSE20447,1.70352E+12,231.2426022,365.3282685,1
6589a1e025073fa4a32ffb97,73072,0.691338177,0.321300991,CB.EN.U4CSE20447,1.70352E+12,965.1080957,252.2212779,1
6589a1e025073fa4a32fface,46625,0.630217769,0.419713449,CB.EN.U4CSE20447,1.70352E+12,879.7840058,329.4750571,1
6589a1e025073fa4a32ffaf4,50842,0.443909885,0.445113304,CB.EN.U4CSE20447,1.70352E+12,619.6981996,349.4139434,1
6589a1e025073fa4a32ffbcb,79211,0.028299772,0.23198806,CB.EN.U4CSE20447,1.70352E+12,39.50648183,182.1106269,1
6589a1e025073fa4a32ffbb8,76937,0.703019422,0.264570742,CB.EN.U4CSE20447,1.70352E+12,981.4151134,207.6880322,1
6589a1e025073fa4a32ffbbb,77514,0.737911417,0.144984744,CB.EN.U4CSE20447,1.70352E+12,1030.124338,113.813024,1
6589a1e025073fa4a32ffada,48046,0.562808606,0.09180395,CB.EN.U4CSE20447,1.70352E+12,785.6808146,72.0661004,1
6589a1e025073fa4a32ffbdc,81092,0.493761515,0.240717692,CB.EN.U4CSE20447,1.70352E+12,689.2910751,188.9633882,1
6589a1e025073fa4a32ffbcd,79389,0.061432608,0.206133732,CB.EN.U4CSE20447,1.70352E+12,85.75992012,161.8149795,1
6589a1e025073fa4a32ffaf0,50481,0.554769618,0.421868359,CB.EN.U4CSE20447,1.70352E+12,774.4583868,331.1666617,1
6589a1e025073fa4a32ffb15,55220,0.067163369,0.363869941,CB.EN.U4CSE20447,1.70352E+12,93.76006311,285.6379037,1
6589a1e025073fa4a32ffb89,71535,0.491027824,0.59340353,CB.EN.U4CSE20447,1.70352E+12,685.4748426,465.8217708,1
6589a1e025073fa4a32ffb38,60530,0.289135924,0.225129297,CB.EN.U4CSE20447,1.70352E+12,403.6337497,176.7264985,1
6589a1e025073fa4a32ffb40,61563,0.283891151,0.33872182,CB.EN.U4CSE20447,1.70352E+12,396.3120471,265.8966289,1
6589a1e025073fa4a32ffb87,71365,0.500224777,0.485445352,CB.EN.U4CSE20447,1.70352E+12,698.3137888,381.0746015,1
6589a1e025073fa4a32ffb7f,70373,0.283373097,0.426976369,CB.EN.U4CSE20447,1.70352E+12,395.588843,335.1764499,1
6589a1e025073fa4a32ffb7a,69929,0.21004889,0.599046631,CB.EN.U4CSE20447,1.70352E+12,293.2282504,470.2516056,1
6589a1e025073fa4a32ffb62,67219,0.30660095,0.223959345,CB.EN.U4CSE20447,1.70352E+12,428.0149267,175.8080856,1
6589a1e025073fa4a32ffb8a,71625,0.478802358,0.611124069,CB.EN.U4CSE20447,1.70352E+12,668.4080924,479.7323942,1
6589a1e025073fa4a32ffb8f,72362,0.534061643,0.577538439,CB.EN.U4CSE20447,1.70352E+12,745.5500531,453.3676744,1
6589a1e025073fa4a32ffb90,72448,0.54729758,0.543057549,CB.EN.U4CSE20447,1.70352E+12,764.0274223,426.3001763,1
6589a1e025073fa4a32ffba2,74356,0.169945611,0.532432146,CB.EN.U4CSE20447,1.70352E+12,237.244073,417.9592348,1
6589a1e025073fa4a32ffbb1,76277,0.514985726,0.05689226,CB.EN.U4CSE20447,1.70352E+12,718.9200735,44.66042395,1
6589a1e025073fa4a32ff96e,1239,0.324337158,0.491482799,CB.EN.U4CSE20447,1.70352E+12,452.7746724,385.813997,1
6589a1e025073fa4a32ff980,3095,0.013373919,0.009490381,CB.EN.U4CSE20447,1.70352E+12,18.66999041,7.4499491,1
6589a1e025073fa4a32ff9bb,10464,0.094333661,0.310268592,CB.EN.U4CSE20447,1.70352E+12,131.6897913,243.5608447,1
6589a1e025073fa4a32ff9b2,9362,0.069426982,0.38513015,CB.EN.U4CSE20447,1.70352E+12,96.92006631,302.3271678,1
6589a1e025073fa4a32ff9f5,18522,0.305923162,0.582754315,CB.EN.U4CSE20447,1.70352E+12,427.0687345,457.4621371,1
6589a1e025073fa4a32ff9f1,18106,0.248084707,0.413807254,CB.EN.U4CSE20447,1.70352E+12,346.3262509,324.8386945,1
6589a1e025073fa4a32ffa07,20830,0.252023957,0.341811715,CB.EN.U4CSE20447,1.70352E+12,351.8254436,268.3221959,1
6589a1e025073fa4a32ffa18,23986,0.295491239,0.288621646,CB.EN.U4CSE20447,1.70352E+12,412.5057698,226.5679921,1
6589a1e025073fa4a32ffa7e,37825,0.275012171,0.53349823,CB.EN.U4CSE20447,1.70352E+12,383.9169909,418.7961106,1
6589a1e025073fa4a32ffa55,32555,0.377879497,0.219885736,CB.EN.U4CSE20447,1.70352E+12,527.5197777,172.6103024,1
6589a1e025073fa4a32ffa60,33762,0.298165218,0.198330657,CB.EN.U4CSE20447,1.70352E+12,416.2386448,155.689566,1
6589a1e025073fa4a32ffa4c,31040,0.268447658,0.14435994,CB.EN.U4CSE20447,1.70352E+12,374.7529302,113.3225528,1
6589a1e025073fa4a32ffa89,39045,0.574996203,0.482216515,CB.EN.U4CSE20447,1.70352E+12,802.6946996,378.5399642,1
6589a1e025073fa4a32ffaa8,42532,0.632613211,0.508941161,CB.EN.U4CSE20447,1.70352E+12,883.128043,399.5188118,1
6589a1e025073fa4a32ffaad,42975,0.514742383,0.555366998,CB.EN.U4CSE20447,1.70352E+12,718.5803664,435.9630935,1
6589a1e025073fa4a32ffac5,45647,0.574291728,0.505980737,CB.EN.U4CSE20447,1.70352E+12,801.711253,397.1948784,1
6589a1e025073fa4a32ffafd,52003,0.35882806,0.326025394,CB.EN.U4CSE20447,1.70352E+12,500.9239722,255.9299346,1
6589a1e025073fa4a32ffadc,48219,0.543266433,0.391112546,CB.EN.U4CSE20447,1.70352E+12,758.3999406,307.0233487,1
6589a1e025073fa4a32ffacf,46708,0.552303196,0.3252658,CB.EN.U4CSE20447,1.70352E+12,771.0152612,255.3336526,1
6589a1e025073fa4a32ffb0b,54168,0.06978695,0.255729602,CB.EN.U4CSE20447,1.70352E+12,97.42258152,200.7477379,1
6589a1e025073fa4a32ffb0a,54068,0.075711841,0.24070948,CB.EN.U4CSE20447,1.70352E+12,105.6937294,188.9569416,1
6589a1e025073fa4a32ffb21,57397,0.147820923,0.237848016,CB.EN.U4CSE20447,1.70352E+12,206.3580088,186.7106925,1
6589a1e025073fa4a32ffb30,59382,0.402209919,0.16949133,CB.EN.U4CSE20447,1.70352E+12,561.4850466,133.0506938,1
6589a1e025073fa4a32ffb3a,60714,0.256814928,0.180324378,CB.EN.U4CSE20447,1.70352E+12,358.5136392,141.5546364,1
6589a1e025073fa4a32ffb4a,62824,0.215200916,0.389654571,CB.EN.U4CSE20447,1.70352E+12,300.420479,305.8788381,1
6589a1e025073fa4a32ffb75,69200,0.307731798,0.693232838,CB.EN.U4CSE20447,1.70352E+12,429.5935895,544.1877776,1
6589a1e025073fa4a32ffb6e,68584,0.336002987,0.483833807,CB.EN.U4CSE20447,1.70352E+12,469.0601697,379.8095384,1
6589a1e025073fa4a32ffb6b,68033,0.325388412,0.277426443,CB.EN.U4CSE20447,1.70352E+12,454.2422229,217.7797574,1
6589a1e025073fa4a32ffb8c,71801,0.489821895,0.642198968,CB.EN.U4CSE20447,1.70352E+12,683.7913658,504.1261902,1
6589a1e025073fa4a32ffb98,73163,0.695042295,0.324106281,CB.EN.U4CSE20447,1.70352E+12,970.2790443,254.4234309,1
6589a1e025073fa4a32ffb9f,74093,0.197077347,0.299054252,CB.EN.U4CSE20447,1.70352E+12,275.1199761,234.7575877,1
6589a1e025073fa4a32ffba8,75232,0.295933601,0.327771695,CB.EN.U4CSE20447,1.70352E+12,413.1233075,257.3007806,1
6589a1e025073fa4a32ffbae,75759,0.347283197,0.090995306,CB.EN.U4CSE20447,1.70352E+12,484.8073427,71.43131524,1
6589a1e025073fa4a32ffbaa,75406,0.311584732,0.176280418,CB.EN.U4CSE20447,1.70352E+12,434.9722865,138.3801279,1
6589a1e025073fa4a32ffbbc,77603,0.712366639,0.096219179,CB.EN.U4CSE20447,1.70352E+12,994.4638283,75.53205517,1
6589a1e025073fa4a32ffbc1,78045,0.849987202,0.063831997,CB.EN.U4CSE20447,1.70352E+12,1186.582134,50.10811771,1
6589a1e025073fa4a32ffbc8,78896,0.08627074,0.238032391,CB.EN.U4CSE20447,1.70352E+12,120.4339533,186.8554271,1
6589a1e025073fa4a32ffbde,81741,0.533937719,0.193292249,CB.EN.U4CSE20447,1.70352E+12,745.3770564,151.7344158,1
6589a1e025073fa4a32ffbda,80889,0.431691623,0.300810492,CB.EN.U4CSE20447,1.70352E+12,602.6415064,236.1362366,1
6589a1e025073fa4a32ffbd7,80600,0.372965666,0.320365011,CB.EN.U4CSE20447,1.70352E+12,520.66007,251.4865336,1
6589a1e025073fa4a32ffb88,71450,0.506240539,0.521578916,CB.EN.U4CSE20447,1.70352E+12,706.7117918,409.4394491,1
6589a1e025073fa4a32ff9b8,9918,0.055300342,0.296655247,CB.EN.U4CSE20447,1.70352E+12,77.19927694,232.8743692,1
6589a1e025073fa4a32ff9c4,11902,0.249269292,0.24750247,CB.EN.U4CSE20447,1.70352E+12,347.9799312,194.2894389,1
6589a1e025073fa4a32ff9db,15137,0.244654409,0.26747946,CB.EN.U4CSE20447,1.70352E+12,341.5375552,209.9713759,1
6589a1e025073fa4a32ff9e3,16035,0.235018082,0.204912617,CB.EN.U4CSE20447,1.70352E+12,328.0852418,160.8564046,1
6589a1e025073fa4a32ff9ef,17929,0.24629607,0.299685785,CB.EN.U4CSE20447,1.70352E+12,343.829314,235.2533409,1
6589a1e025073fa4a32ff9f4,18427,0.272840571,0.53459968,CB.EN.U4CSE20447,1.70352E+12,380.885437,419.6607485,1
6589a1e025073fa4a32ff9f7,18710,0.313908013,0.593182337,CB.EN.U4CSE20447,1.70352E+12,438.2155867,465.6481343,1
6589a1e025073fa4a32ffa13,22430,0.206913461,0.313050779,CB.EN.U4CSE20447,1.70352E+12,288.8511914,245.7448618,1
6589a1e025073fa4a32ffa0a,21108,0.190396532,0.346633633,CB.EN.U4CSE20447,1.70352E+12,265.7935591,272.1074016,1
6589a1e025073fa4a32ffa1d,24514,0.450469511,0.308014657,CB.EN.U4CSE20447,1.70352E+12,628.8554371,241.7915056,1
6589a1e025073fa4a32ffa22,25203,0.413870151,0.206108468,CB.EN.U4CSE20447,1.70352E+12,577.7627303,161.7951472,1
6589a1e025073fa4a32ffa35,27645,0.348906951,0.419167713,CB.EN.U4CSE20447,1.70352E+12,487.0741037,329.0466548,1
6589a1e025073fa4a32ffa7b,37555,0.287823265,0.447427857,CB.EN.U4CSE20447,1.70352E+12,401.8012786,351.2308675,1
6589a1e025073fa4a32ffa6e,36067,0.600337839,0.16783543,CB.EN.U4CSE20447,1.70352E+12,838.0716235,131.7508129,1
6589a1e025073fa4a32ffa58,33073,0.296326229,0.198938962,CB.EN.U4CSE20447,1.70352E+12,413.6714164,156.1670849,1
6589a1e025073fa4a32ffa54,32206,0.39083913,0.250430202,CB.EN.U4CSE20447,1.70352E+12,545.611426,196.5877089,1
6589a1e025073fa4a32ffa91,39949,0.692762126,0.518737828,CB.EN.U4CSE20447,1.70352E+12,967.0959273,407.2091951,1
6589a1e025073fa4a32ffaa3,41806,0.567854358,0.555352176,CB.EN.U4CSE20447,1.70352E+12,792.7246843,435.9514579,1
6589a1e025073fa4a32ffaa7,42153,0.648787746,0.512366042,CB.EN.U4CSE20447,1.70352E+12,905.7076937,402.2073433,1
6589a1e025073fa4a32ffaa4,41891,0.576161445,0.551261372,CB.EN.U4CSE20447,1.70352E+12,804.3213767,432.7401768,1
6589a1e025073fa4a32ffab7,44204,0.276259768,0.691296657,CB.EN.U4CSE20447,1.70352E+12,385.6586368,542.6678761,1
6589a1e025073fa4a32ffab3,43821,0.399417146,0.709790779,CB.EN.U4CSE20447,1.70352E+12,557.5863361,557.1857617,1
6589a1e025073fa4a32ffac3,45481,0.52848909,0.540875369,CB.EN.U4CSE20447,1.70352E+12,737.7707692,424.5871647,1
6589a1e025073fa4a32ffae3,49081,0.388342082,0.573813346,CB.EN.U4CSE20447,1.70352E+12,542.125547,450.4434766,1
6589a1e025073fa4a32ffafc,51901,0.337334395,0.342182543,CB.EN.U4CSE20447,1.70352E+12,470.9188158,268.6132962,1
6589a1e025073fa4a32ffacb,46366,0.650594281,0.54405415,CB.EN.U4CSE20447,1.70352E+12,908.2296164,427.0825076,1
6589a1e025073fa4a32ffad6,47697,0.252063719,-0.085307661,CB.EN.U4CSE20447,1.70352E+12,351.8809512,-66.96651403,1
6589a1e025073fa4a32ffb37,60408,0.306673004,0.214167345,CB.EN.U4CSE20447,1.70352E+12,428.1155133,168.1213662,1
6589a1e025073fa4a32ffb7e,70287,0.207301341,0.455199417,CB.EN.U4CSE20447,1.70352E+12,289.3926715,357.331542,1
6589a1e025073fa4a32ffb6c,68363,0.28318434,0.317923347,CB.EN.U4CSE20447,1.70352E+12,395.3253391,249.5698273,1
6589a1e025073fa4a32ffb83,71006,0.431746429,0.301590149,CB.EN.U4CSE20447,1.70352E+12,602.718015,236.7482666,1
6589a1e025073fa4a32ffb99,73557,0.564395649,0.257148809,CB.EN.U4CSE20447,1.70352E+12,787.8963263,201.861815,1
6589a1e025073fa4a32ffb9c,73819,0.295519389,0.128265133,CB.EN.U4CSE20447,1.70352E+12,412.5450668,100.6881292,1
6589a1e025073fa4a32ffbb0,76190,0.424340779,0.088820614,CB.EN.U4CSE20447,1.70352E+12,592.3797282,69.72418184,1
6589a1e025073fa4a32ffb9e,74004,0.210823192,0.283195047,CB.EN.U4CSE20447,1.70352E+12,294.3091767,222.3081121,1
6589a1e025073fa4a32ffba7,75144,0.26859344,0.351438179,CB.EN.U4CSE20447,1.70352E+12,374.9564429,275.8789702,1
6589a1e025073fa4a32ffbb9,77025,0.740998963,0.228361306,CB.EN.U4CSE20447,1.70352E+12,1034.434553,179.2636251,1
6589a1e025073fa4a32ffbbd,77693,0.71402968,0.092220118,CB.EN.U4CSE20447,1.70352E+12,996.7854337,72.39279228,1
6589a1e025073fa4a32ffbd8,80689,0.405531174,0.301461439,CB.EN.U4CSE20447,1.70352E+12,566.1215191,236.6472297,1
6589a1e025073fa4a32ffbd3,80230,0.24941992,0.337349186,CB.EN.U4CSE20447,1.70352E+12,348.1902078,264.8191106,1
6589a1e025073fa4a32ff967,262,0.506686,0.519117825,CB.EN.U4CSE20447,1.70352E+12,707.3336561,407.5074924,1
6589a1e025073fa4a32ff991,5355,0.036301755,0.255397845,CB.EN.U4CSE20447,1.70352E+12,50.67725041,200.4873083,1
6589a1e025073fa4a32ff988,4211,0.096089885,0.158658298,CB.EN.U4CSE20447,1.70352E+12,134.14148,124.5467637,1
6589a1e025073fa4a32ff99f,6933,0.089795324,0.340368314,CB.EN.U4CSE20447,1.70352E+12,125.3542719,267.1891264,1
6589a1e025073fa4a32ff9c1,11595,0.156349919,0.231745823,CB.EN.U4CSE20447,1.70352E+12,218.2644875,181.9204712,1
6589a1e025073fa4a32ff9c6,12125,0.355872209,0.23182138,CB.EN.U4CSE20447,1.70352E+12,496.7976036,181.9797834,1
6589a1e025073fa4a32ff9dd,15304,0.228614375,0.259281751,CB.EN.U4CSE20447,1.70352E+12,319.1456668,203.5361747,1
6589a1e025073fa4a32ff9e5,16199,0.223320398,0.172381109,CB.EN.U4CSE20447,1.70352E+12,311.7552759,135.3191704,1
6589a1e025073fa4a32ffa14,22513,0.228415783,0.302051026,CB.EN.U4CSE20447,1.70352E+12,318.868433,237.1100552,1
6589a1e025073fa4a32ffa42,29217,0.26307876,0.181566508,CB.EN.U4CSE20447,1.70352E+12,367.257949,142.5297085,1
6589a1e025073fa4a32ffa78,36923,0.528708145,0.31142077,CB.EN.U4CSE20447,1.70352E+12,738.0765705,244.4653048,1
6589a1e025073fa4a32ffa51,31899,0.396712873,0.398798473,CB.EN.U4CSE20447,1.70352E+12,553.8111704,313.0568011,1
6589a1e025073fa4a32ffa66,35050,0.265852437,0.291540361,CB.EN.U4CSE20447,1.70352E+12,371.1300019,228.8591836,1
6589a1e025073fa4a32ffa67,35163,0.258314485,0.256452849,CB.EN.U4CSE20447,1.70352E+12,360.6070209,201.3154868,1
6589a1e025073fa4a32ffa4d,31134,0.374459066,0.280044516,CB.EN.U4CSE20447,1.70352E+12,522.744856,219.8349454,1
6589a1e025073fa4a32ffa8a,39130,0.644864887,0.503149895,CB.EN.U4CSE20447,1.70352E+12,900.2313823,394.9726677,1
6589a1e025073fa4a32ffa90,39633,0.706631944,0.538898797,CB.EN.U4CSE20447,1.70352E+12,986.4581943,423.0355553,1
6589a1e025073fa4a32ffa94,40204,0.524732172,0.533198707,CB.EN.U4CSE20447,1.70352E+12,732.5261119,418.5609852,1
6589a1e025073fa4a32ffa98,40614,0.214518536,0.620712807,CB.EN.U4CSE20447,1.70352E+12,299.4678769,487.2595531,1
6589a1e025073fa4a32ffaba,44456,0.189371267,0.686317343,CB.EN.U4CSE20447,1.70352E+12,264.3622884,538.7591141,1
6589a1e025073fa4a32ffadb,48130,0.561950266,0.257752978,CB.EN.U4CSE20447,1.70352E+12,784.4825719,202.3360879,1
6589a1e025073fa4a32ffaf1,50568,0.503480184,0.426535062,CB.EN.U4CSE20447,1.70352E+12,702.8583375,334.8300239,1
6589a1e025073fa4a32ffae8,49558,0.547224233,0.505820513,CB.EN.U4CSE20447,1.70352E+12,763.9250288,397.0691024,1
6589a1e025073fa4a32ffae7,49470,0.520364415,0.509550106,CB.EN.U4CSE20447,1.70352E+12,726.4287238,399.996833,1
6589a1e025073fa4a32ffb09,53962,0.080992552,0.243399452,CB.EN.U4CSE20447,1.70352E+12,113.0656023,191.0685701,1
6589a1e025073fa4a32ffb24,57768,0.254202768,0.289110087,CB.EN.U4CSE20447,1.70352E+12,354.8670635,226.9514186,1
6589a1e025073fa4a32ffb27,58098,0.365722574,0.295378335,CB.EN.U4CSE20447,1.70352E+12,510.5487136,231.8719928,1
6589a1e025073fa4a32ffb28,58187,0.395165995,0.244799593,CB.EN.U4CSE20447,1.70352E+12,551.6517292,192.1676808,1
6589a1e025073fa4a32ffb44,61965,0.223568024,0.436302468,CB.EN.U4CSE20447,1.70352E+12,312.100961,342.4974371,1
6589a1e025073fa4a32ffb84,71096,0.431866974,0.299917012,CB.EN.U4CSE20447,1.70352E+12,602.8862962,235.4348548,1
6589a1e025073fa4a32ffb65,67506,0.290032318,0.220096282,CB.EN.U4CSE20447,1.70352E+12,404.8851162,172.775581,1
6589a1e025073fa4a32ffb5e,65768,0.225621452,0.223538581,CB.EN.U4CSE20447,1.70352E+12,314.9675471,175.4777861,1
6589a1e025073fa4a32ffb7c,70101,0.186194376,0.522539946,CB.EN.U4CSE20447,1.70352E+12,259.9273484,410.1938576,1
6589a1e025073fa4a32ffbb6,76714,0.568043941,0.187349574,CB.EN.U4CSE20447,1.70352E+12,792.9893415,147.0694153,1
6589a1e025073fa4a32ff971,1512,0.172915753,0.383091821,CB.EN.U4CSE20447,1.70352E+12,241.3903906,300.7270792,1
6589a1e025073fa4a32ff964,0,0.495076792,0.333872556,CB.EN.U4CSE20447,1.70352E+12,691.1272021,262.0899568,1
6589a1e025073fa4a32ff984,3819,0.061069728,0.10480745,CB.EN.U4CSE20447,1.70352E+12,85.25334041,82.27384844,1
6589a1e025073fa4a32ff98a,4417,0.072941487,0.170256517,CB.EN.U4CSE20447,1.70352E+12,101.8263165,133.6513656,1
6589a1e025073fa4a32ff9ab,8388,0.091054263,0.285453738,CB.EN.U4CSE20447,1.70352E+12,127.1117516,224.0811845,1
6589a1e025073fa4a32ff9b0,9172,0.07527141,0.415383299,CB.EN.U4CSE20447,1.70352E+12,105.0788882,326.0758897,1
6589a1e025073fa4a32ff9c2,11699,0.169207782,0.221597527,CB.EN.U4CSE20447,1.70352E+12,236.2140636,173.9540585,1
6589a1e025073fa4a32ff9fd,19492,0.249342914,0.440373474,CB.EN.U4CSE20447,1.70352E+12,348.0827085,345.6931772,1
6589a1e025073fa4a32ffa01,19861,0.289396044,0.273069409,CB.EN.U4CSE20447,1.70352E+12,403.9968769,214.3594858,1
6589a1e025073fa4a32ffa00,19776,0.26842327,0.305960156,CB.EN.U4CSE20447,1.70352E+12,374.7188844,240.1787222,1
6589a1e025073fa4a32ff9d1,13663,0.490586096,0.206928598,CB.EN.U4CSE20447,1.70352E+12,684.8581903,162.4389495,1
6589a1e025073fa4a32ffa06,20728,0.253573684,0.298206608,CB.EN.U4CSE20447,1.70352E+12,353.9888632,234.0921873,1
6589a1e025073fa4a32ffa29,26173,0.388550342,0.219798724,CB.EN.U4CSE20447,1.70352E+12,542.4162779,172.5419984,1
6589a1e025073fa4a32ffa5f,33680,0.336751638,0.179472633,CB.EN.U4CSE20447,1.70352E+12,470.1052863,140.8860171,1
6589a1e025073fa4a32ffa68,35248,0.242602729,0.267998396,CB.EN.U4CSE20447,1.70352E+12,338.67341,210.3787409,1
6589a1e025073fa4a32ffa81,38096,0.274319093,0.597122782,CB.EN.U4CSE20447,1.70352E+12,382.9494535,468.7413841,1
6589a1e025073fa4a32ffa5d,33509,0.314772392,0.166817439,CB.EN.U4CSE20447,1.70352E+12,439.4222586,130.9516896,1
6589a1e025073fa4a32ffa93,40116,0.612695089,0.512963095,CB.EN.U4CSE20447,1.70352E+12,855.3223446,402.6760292,1
6589a1e025073fa4a32ffa96,40414,0.340570415,0.582455535,CB.EN.U4CSE20447,1.70352E+12,475.4362996,457.2275951,1
6589a1e025073fa4a32ffa9b,40878,0.198516897,0.616213893,CB.EN.U4CSE20447,1.70352E+12,277.1295887,483.7279063,1
6589a1e025073fa4a32ffaa1,41622,0.463688249,0.548974899,CB.EN.U4CSE20447,1.70352E+12,647.3087958,430.9452955,1
6589a1e025073fa4a32ffaa6,42067,0.614476243,0.518482498,CB.EN.U4CSE20447,1.70352E+12,857.8088355,407.0087612,1
6589a1e025073fa4a32ffaa9,42617,0.635550177,0.494120813,CB.EN.U4CSE20447,1.70352E+12,887.2280469,387.8848385,1
6589a1e025073fa4a32ffaac,42887,0.590025073,0.516459535,CB.EN.U4CSE20447,1.70352E+12,823.6750025,405.4207347,1
6589a1e025073fa4a32ffabf,45101,0.319296331,0.630432243,CB.EN.U4CSE20447,1.70352E+12,445.7376783,494.8893104,1
6589a1e025073fa4a32ffb01,52387,0.375000385,0.313988061,CB.EN.U4CSE20447,1.70352E+12,523.5005377,246.480628,1
6589a1e025073fa4a32ffacc,46448,0.649461075,0.529940416,CB.EN.U4CSE20447,1.70352E+12,906.6476608,416.0032266,1
6589a1e025073fa4a32ffadf,48479,0.384792487,0.540812065,CB.EN.U4CSE20447,1.70352E+12,537.1703121,424.5374712,1
6589a1e025073fa4a32ffaf2,50654,0.477064093,0.448871368,CB.EN.U4CSE20447,1.70352E+12,665.9814737,352.3640242,1
6589a1e025073fa4a32ffb04,53494,0.2198182,0.193045862,CB.EN.U4CSE20447,1.70352E+12,306.8662076,151.5410015,1
6589a1e025073fa4a32ffad7,47781,0.342068089,-0.072844701,CB.EN.U4CSE20447,1.70352E+12,477.5270521,-57.18309016,1
6589a1e025073fa4a32ffb5d,65650,0.247405568,0.240489692,CB.EN.U4CSE20447,1.70352E+12,345.3781733,188.7844083,1
6589a1e025073fa4a32ffba3,74493,0.172604781,0.552054151,CB.EN.U4CSE20447,1.70352E+12,240.9562741,433.3625083,1
6589a1e025073fa4a32ffbd1,79740,0.189518284,0.315361772,CB.EN.U4CSE20447,1.70352E+12,264.5675242,247.5589911,1
6589a1e025073fa4a32ff97c,2712,-0.032667054,0.057830291,CB.EN.U4CSE20447,1.70352E+12,-45.60320734,45.39677854,1
6589a1e025073fa4a32ff9a3,7272,0.097121525,0.263582557,CB.EN.U4CSE20447,1.70352E+12,135.5816488,206.9123075,1
6589a1e025073fa4a32ff9a9,8189,0.08998862,0.289016046,CB.EN.U4CSE20447,1.70352E+12,125.6241142,226.877596,1
6589a1e025073fa4a32ff9f6,18621,0.317645673,0.593629045,CB.EN.U4CSE20447,1.70352E+12,443.4333593,465.9988,1
6589a1e025073fa4a32ff9f9,19151,0.306020749,0.600460836,CB.EN.U4CSE20447,1.70352E+12,427.2049653,471.3617562,1
6589a1e025073fa4a32ffa08,20926,0.242374128,0.367255985,CB.EN.U4CSE20447,1.70352E+12,338.3542824,288.2959483,1
6589a1e025073fa4a32ffa17,23873,0.295616982,0.336947526,CB.EN.U4CSE20447,1.70352E+12,412.6813065,264.5038083,1
6589a1e025073fa4a32ffa23,25487,0.426766902,0.225107096,CB.EN.U4CSE20447,1.70352E+12,595.7665952,176.7090707,1
6589a1e025073fa4a32ffa2b,26342,0.364590291,0.233299509,CB.EN.U4CSE20447,1.70352E+12,508.9680456,183.1401145,1
6589a1e025073fa4a32ffa3b,28183,0.379965139,0.33453921,CB.EN.U4CSE20447,1.70352E+12,530.4313335,262.6132795,1
6589a1e025073fa4a32ffa72,36415,0.779764905,0.076307589,CB.EN.U4CSE20447,1.70352E+12,1088.551807,59.901457,1
6589a1e025073fa4a32ffa63,34795,0.235951064,0.315038123,CB.EN.U4CSE20447,1.70352E+12,329.3876853,247.3049263,1
6589a1e025073fa4a32ffa82,38184,0.266625339,0.593798855,CB.EN.U4CSE20447,1.70352E+12,372.2089736,466.1321011,1
6589a1e025073fa4a32ffa59,33162,0.289836088,0.191286031,CB.EN.U4CSE20447,1.70352E+12,404.6111786,150.1595345,1
6589a1e025073fa4a32ffa8d,39382,0.719808839,0.526026841,CB.EN.U4CSE20447,1.70352E+12,1004.853139,412.9310698,1
6589a1e025073fa4a32ffa92,40032,0.697054412,0.488214599,CB.EN.U4CSE20447,1.70352E+12,973.0879587,383.2484601,1
6589a1e025073fa4a32ffa97,40505,0.270291289,0.599685576,CB.EN.U4CSE20447,1.70352E+12,377.326639,470.7531774,1
6589a1e025073fa4a32ffaae,43066,0.449953501,0.578533891,CB.EN.U4CSE20447,1.70352E+12,628.1350867,454.1491044,1
6589a1e025073fa4a32ffabe,44790,0.213336477,0.668799704,CB.EN.U4CSE20447,1.70352E+12,297.817722,525.0077673,1
6589a1e025073fa4a32ffafa,51718,0.311058411,0.313295547,CB.EN.U4CSE20447,1.70352E+12,434.2375424,245.9370042,1
6589a1e025073fa4a32ffb06,53677,0.140186124,0.24505366,CB.EN.U4CSE20447,1.70352E+12,195.6998287,192.3671233,1
6589a1e025073fa4a32ffade,48390,0.427282859,0.519227739,CB.EN.U4CSE20447,1.70352E+12,596.4868718,407.5937753,1
6589a1e025073fa4a32ffacd,46535,0.627927199,0.470964591,CB.EN.U4CSE20447,1.70352E+12,876.5863691,369.7072041,1
6589a1e025073fa4a32ffb02,52489,0.319279693,0.228555086,CB.EN.U4CSE20447,1.70352E+12,445.7144517,179.4157422,1
6589a1e025073fa4a32ffad2,46970,0.285097718,0.082691082,CB.EN.U4CSE20447,1.70352E+12,397.9964146,64.91249916,1
6589a1e025073fa4a32ffb16,55307,0.06821877,0.361705035,CB.EN.U4CSE20447,1.70352E+12,95.23340333,283.9384522,1
6589a1e025073fa4a32ffb23,57624,0.232702897,0.219164775,CB.EN.U4CSE20447,1.70352E+12,324.8532438,172.0443482,1
6589a1e025073fa4a32ffb32,59904,0.39652348,0.189853138,CB.EN.U4CSE20447,1.70352E+12,553.5467785,149.0347135,1
6589a1e025073fa4a32ffb4d,63090,0.189546916,0.303541353,CB.EN.U4CSE20447,1.70352E+12,264.6074949,238.2799619,1
6589a1e025073fa4a32ffb5f,65861,0.233357036,0.20043271,CB.EN.U4CSE20447,1.70352E+12,325.7664227,157.3396775,1
6589a1e025073fa4a32ffb5a,65324,0.281131437,0.254608325,CB.EN.U4CSE20447,1.70352E+12,392.4594861,199.8675353,1
6589a1e025073fa4a32ffb4e,63176,0.191680056,0.271020216,CB.EN.U4CSE20447,1.70352E+12,267.5853585,212.7508696,1
6589a1e025073fa4a32ffb67,67685,0.283059466,0.242109141,CB.EN.U4CSE20447,1.70352E+12,395.1510151,190.0556761,1
6589a1e025073fa4a32ffa85,38676,0.315729046,0.58026531,CB.EN.U4CSE20447,1.70352E+12,440.757748,455.5082683,1
6589a1e025073fa4a32ffb8b,71713,0.464602258,0.641901361,CB.EN.U4CSE20447,1.70352E+12,648.584752,503.8925683,1
6589a1e025073fa4a32ffba0,74181,0.189333057,0.407280795,CB.EN.U4CSE20447,1.70352E+12,264.3089479,319.7154241,1
6589a1e025073fa4a32ffbab,75492,0.315486209,0.142586074,CB.EN.U4CSE20447,1.70352E+12,440.4187483,111.9300683,1
6589a1e025073fa4a32ffbb3,76451,0.608387688,0.111749189,CB.EN.U4CSE20447,1.70352E+12,849.3092128,87.72311357,1
6589a1e025073fa4a32ff968,344,0.53847856,0.514143573,CB.EN.U4CSE20447,1.70352E+12,751.7160696,403.602705,1
6589a1e025073fa4a32ff97b,2632,-0.030627369,0.057031798,CB.EN.U4CSE20447,1.70352E+12,-42.75580657,44.76996106,1
6589a1e025073fa4a32ff97f,2961,0.006880533,0.015511636,CB.EN.U4CSE20447,1.70352E+12,9.605223734,12.17663437,1
6589a1e025073fa4a32ff972,1597,0.156192633,0.361634686,CB.EN.U4CSE20447,1.70352E+12,218.0449158,283.8832288,1
6589a1e025073fa4a32ff979,2463,-0.027006628,0.106970798,CB.EN.U4CSE20447,1.70352E+12,-37.70125314,83.97207647,1
6589a1e025073fa4a32ff983,3728,0.04217064,0.075111114,CB.EN.U4CSE20447,1.70352E+12,58.87021317,58.96222411,1
6589a1e025073fa4a32ff999,6403,0.040277616,0.271104026,CB.EN.U4CSE20447,1.70352E+12,56.2275513,212.8166605,1
6589a1e025073fa4a32ff993,5536,0.038887875,0.253479944,CB.EN.U4CSE20447,1.70352E+12,54.28747383,198.9817563,1
6589a1e025073fa4a32ff9ad,8582,0.081968581,0.334844966,CB.EN.U4CSE20447,1.70352E+12,114.4281388,262.8532983,1
6589a1e025073fa4a32ff9a6,7912,0.087723609,0.250757725,CB.EN.U4CSE20447,1.70352E+12,122.4621575,196.8448139,1
6589a1e025073fa4a32ff9b1,9266,0.079608602,0.400345718,CB.EN.U4CSE20447,1.70352E+12,111.1336081,314.2713887,1
6589a1e025073fa4a32ff9bd,10654,0.117487037,0.254055428,CB.EN.U4CSE20447,1.70352E+12,164.0119038,199.4335109,1
6589a1e025073fa4a32ff9f3,18332,0.264787048,0.539043643,CB.EN.U4CSE20447,1.70352E+12,369.6427184,423.1492596,1
6589a1e025073fa4a32ff9f2,18202,0.261472183,0.499536016,CB.EN.U4CSE20447,1.70352E+12,365.0151679,392.1357727,1
6589a1e025073fa4a32ffa04,20553,0.248052118,0.269958774,CB.EN.U4CSE20447,1.70352E+12,346.2807565,211.9176373,1
6589a1e025073fa4a32ffa1b,24312,0.393799813,0.351314933,CB.EN.U4CSE20447,1.70352E+12,549.7445392,275.7822225,1
6589a1e025073fa4a32ffa26,25792,0.427624614,0.210761432,CB.EN.U4CSE20447,1.70352E+12,596.9639606,165.4477245,1
6589a1e025073fa4a32ffa25,25699,0.438626808,0.230093562,CB.EN.U4CSE20447,1.70352E+12,612.3230234,180.6234462,1
6589a1e025073fa4a32ffa2a,26258,0.387111277,0.21719342,CB.EN.U4CSE20447,1.70352E+12,540.4073428,170.4968344,1
6589a1e025073fa4a32ffa3c,28290,0.364768327,0.297927809,CB.EN.U4CSE20447,1.70352E+12,509.216584,233.8733299,1
6589a1e025073fa4a32ffa45,29494,0.262729269,0.186843753,CB.EN.U4CSE20447,1.70352E+12,366.7700597,146.6723461,1
6589a1e025073fa4a32ffa73,36497,0.789622283,0.067956789,CB.EN.U4CSE20447,1.70352E+12,1102.312707,53.34607961,1
6589a1e025073fa4a32ffa77,36837,0.629140394,0.222395588,CB.EN.U4CSE20447,1.70352E+12,878.2799893,174.5805367,1
6589a1e025073fa4a32ffa70,36246,0.716350099,0.139227172,CB.EN.U4CSE20447,1.70352E+12,1000.024738,109.29333,1
6589a1e025073fa4a32ffa75,36668,0.757982535,0.08094057,CB.EN.U4CSE20447,1.70352E+12,1058.143618,63.53834731,1
6589a1e025073fa4a32ffa7f,37918,0.270874702,0.546800944,CB.EN.U4CSE20447,1.70352E+12,378.1410837,429.238741,1
6589a1e025073fa4a32ffa88,38961,0.494801601,0.471778423,CB.EN.U4CSE20447,1.70352E+12,690.7430349,370.3460624,1
6589a1e025073fa4a32ffa9d,41277,0.315675155,0.592141259,CB.EN.U4CSE20447,1.70352E+12,440.6825167,464.8308881,1
6589a1e025073fa4a32ffaa5,41979,0.606255726,0.553386957,CB.EN.U4CSE20447,1.70352E+12,846.3329935,434.4087609,1
6589a1e025073fa4a32ffac1,45313,0.457046963,0.585936903,CB.EN.U4CSE20447,1.70352E+12,638.0375597,459.9604692,1
6589a1e025073fa4a32ffadd,48302,0.517016123,0.454956563,CB.EN.U4CSE20447,1.70352E+12,721.7545081,357.1409023,1
6589a1e025073fa4a32ffb05,53584,0.192019798,0.220701367,CB.EN.U4CSE20447,1.70352E+12,268.0596387,173.2505728,1
6589a1e025073fa4a32ffb08,53864,0.079460008,0.244602267,CB.EN.U4CSE20447,1.70352E+12,110.9261715,192.0127799,1
6589a1e025073fa4a32ffb1b,56092,0.061915519,0.285136916,CB.EN.U4CSE20447,1.70352E+12,86.43406395,223.8324794,1
6589a1e025073fa4a32ffb1f,57004,0.109855264,0.205432823,CB.EN.U4CSE20447,1.70352E+12,153.3579489,161.2647657,1
6589a1e025073fa4a32ffb31,59476,0.389514598,0.14749882,CB.EN.U4CSE20447,1.70352E+12,543.762379,115.7865735,1
6589a1e025073fa4a32ffb4f,63269,0.20089617,0.251035622,CB.EN.U4CSE20447,1.70352E+12,280.4510533,197.0629629,1
6589a1e025073fa4a32ffb68,67769,0.312701052,0.268151901,CB.EN.U4CSE20447,1.70352E+12,436.5306691,210.499242,1
6589a1e025073fa4a32ffb80,70469,0.356590985,0.405252824,CB.EN.U4CSE20447,1.70352E+12,497.8010144,318.1234666,1
6589a1e025073fa4a32ffb66,67599,0.257076311,0.24746183,CB.EN.U4CSE20447,1.70352E+12,358.8785298,194.2575368,1
6589a1e025073fa4a32ffb73,69025,0.328858493,0.691116739,CB.EN.U4CSE20447,1.70352E+12,459.0864568,542.52664,1
6589a1e025073fa4a32ffb5b,65421,0.277779282,0.25947156,CB.EN.U4CSE20447,1.70352E+12,387.7798783,203.6851749,1
6589a1e025073fa4a32ffb74,69110,0.327489731,0.70681317,CB.EN.U4CSE20447,1.70352E+12,457.1756642,554.8483382,1
6589a1e025073fa4a32ffb76,69295,0.303708104,0.675430771,CB.EN.U4CSE20447,1.70352E+12,423.9765129,530.2131553,1
6589a1e025073fa4a32ffb51,63453,0.185181776,0.249239611,CB.EN.U4CSE20447,1.70352E+12,258.5137593,195.6530942,1
6589a1e025073fa4a32ffb52,63551,0.204386129,0.222824904,CB.EN.U4CSE20447,1.70352E+12,285.3230359,174.91755,1
6589a1e025073fa4a32ffbd6,80512,0.360043037,0.320346203,CB.EN.U4CSE20447,1.70352E+12,502.6200794,251.4717697,1
6589a1e025073fa4a32ffbdb,80990,0.462952947,0.274292606,CB.EN.U4CSE20447,1.70352E+12,646.2823144,215.3196954,1
